,疾病集合
0,{不详}
1,{不详}
2,"{包1,植物人状态,急性脊髓灰质炎,多发性硬化症,原发性心肌病,严重的类风湿性关节炎｝"
3,{包1，严重的胰岛素依赖型糖尿病（1型糖尿病），多发性硬化症，系统性红斑狼疮，严重的原发性心肌病，全身性重症肌无力，严重类风湿性关节炎，慢性呼吸功能衰竭，严重冠心病，脊髓灰质炎，严重克隆病，严重溃疡性结肠炎，植物人状态，意外面部整形手术，严重哮喘，坏死性筋膜炎，慢性肾上腺皮质功能衰竭，埃博拉病毒感染，象皮病，急性坏死性胰腺炎-不包括酒精作用所致，终末期疾病，原发性硬化性胆管炎，经输血导致的人类免疫缺陷病毒感染，疯牛病，严重心肌炎-心功能状态IV级持续至少90天，系统性红斑狼疮－III型或III型以上狼疮性肾炎}
4,{包1；冠状动脉血管成形术；多发性硬化症；慢性复发性胰腺炎；原发性心肌病；肾髓质囊性病；经输血导致的人类免疫缺陷病毒（HIV）感染；因职业关系导致的人类免疫缺陷病毒（HIV）感染；脊髓灰质炎；全身性重症肌无力；硬皮病；原发性硬化性胆管炎；严重克隆病；冠状动脉粥样斑块切除术；Ⅱ级重症急性胰腺炎；肌营养不良症；植物人状态；冠状动脉激光治疗；象皮病；脑外科手术；恶性葡萄胎；严重心肌炎；疯牛病；主动脉夹层瘤；埃博拉病毒感染；肝豆状核变性}
5,{包1，冠状动脉血管成形术，多发性硬化症，慢性复发性胰腺炎，原发性心肌病，肾髓质囊性病，经输血导致的人类免疫缺陷病毒（HIV）感染，因职业关系导致的人类免疫缺陷病毒（HIV）感染，脊髓灰质炎，全身性重症肌无力，硬皮病，原发性硬化性胆管炎，严重克隆病，冠状动脉粥样斑块切除术，Ⅱ级重症急性胰腺炎，肌营养不良症，植物人状态，冠状动脉激光治疗，象皮病，脑外科手术，恶性葡萄胎，严重心肌炎，疯牛病，主动脉夹层瘤，埃博拉病毒感染，肝豆状核变性}
6,{不详}
7,"{包1，严重心肌病，遗传性肌肉病变,临床特征为与神经系统无关的肌肉无力和肌肉萎缩。该，终末期肺病，多发性硬化症，严重类风湿性关节炎，经输血导致的人类免疫缺陷病毒感染，系统性红斑狼疮伴肾炎}"
8,"{包1，严重心肌病，遗传性肌肉病变,临床特征为与神经系统无关的肌肉无力和肌肉萎缩。该，终末期肺病，多发性硬化症，严重类风湿性关节炎，经输血导致的人类免疫缺陷病毒感染，系统性红斑狼疮伴肾炎}"
9,"{包1，严重心肌病，遗传性肌肉病变,临床特征为与神经系统无关的肌肉无力和肌肉萎缩。该，终末期肺病，多发性硬化症，严重类风湿性关节炎，经输血导致的人类免疫缺陷病毒感染，系统性红斑狼疮伴肾炎}"
10,"{包1，严重心肌病，遗传性肌肉病变,临床特征为与神经系统无关的肌肉无力和肌肉萎缩。该，终末期肺病，多发性硬化症，严重类风湿性关节炎，经输血导致的人类免疫缺陷病毒感染，系统性红斑狼疮伴肾炎}"
11,重大疾病{恶性肿瘤、重大器官移植术或造血干细胞移植术、急性或亚急性重症肝炎、良性脑肿瘤、脑炎后遗症或脑膜炎后遗症、双耳失聪（被保险人在3周岁之前所患双耳失聪不在保险责任范围内）、双目失明、严重脑损伤、严重Ⅲ度烧伤、慢性肾功能衰竭尿毒症期、重症心肌炎伴充血性心力衰竭、严重再生障碍性贫血、脊髓灰质炎（瘫痪型）}
12,{恶性肿瘤、急性心肌梗塞、脑中风后遗症、重大器官移植术或造血干细胞移植术、冠状动脉搭桥术（或称冠状动脉旁路移植术）、终末期肾病（或称慢性肾功能衰竭尿毒症期）、多个肢体缺失、急性或亚急性重症肝炎、良性脑肿瘤、慢性肝功能衰竭失代偿期、深度昏迷、双耳失聪、双目失明、瘫痪、心脏瓣膜手术、严重阿尔茨海默病、、严重脑损伤、严重帕金森病、严重Ⅲ度烧伤、严重原发性肺动脉高压、严重运动神经元病、语言能力丧失、重型再生障碍性贫血、严重心肌病、肌营养不良症、终末期肺病、多发性硬化症、严重类风湿性关节炎、经输血导致的人类免疫缺陷病毒感染、系统性红斑狼疮伴肾炎}
13,{包1、严重多发性硬化、严重冠心病、严重类风湿性关节炎、系统性红斑狼疮、严重慢性呼吸功能衰竭、全身性重症肌无力、严重原发性心肌病、坏死性筋膜炎、严重慢性复发性胰腺炎、经输血导致的人类免疫缺陷病毒感染、严重克隆病、严重的1型糖尿病、严重溃疡性结肠炎、进行性核上性麻痹、特发性慢性肾上腺皮质功能衰竭、肾髓质囊性病、严重原发性硬化性胆管炎、严重弥漫性系统性硬皮病、胰腺移植、丝虫病所致象皮病、严重脊髓灰质炎、严重川崎病、严重幼年型类风湿性关节炎、严重心肌炎、严重肠道疾病并发症(本项保险责任仅在被保险人18周岁以前提供保障)、严重瑞氏综合症（Reye综合征，也称赖氏综合征、雷氏综合征）、植物人状态、独立能力丧失、Ⅱ级重症急性胰腺炎、克-雅氏病（CJD、人类疯牛病）、破裂脑动脉瘤夹闭手术、因职业关系导致的人类免疫缺陷病毒（HIV）感染、严重自身免疫性肝炎、非阿尔茨海默病所致严重痴呆、肺源性心脏病}
14,{包1、植物人、系统性红斑狼疮并发重度的肾功能损害、多发性硬化、1型糖尿病、原发性心肌病、重症肌无力、脊髓灰质炎、急性坏死性胰腺炎、肌营养不良症、终末期肺病、经输血感染艾滋病病毒、严重类风湿性关节炎、肾髓质囊性病、主动脉夹层瘤、脑动脉瘤开颅手术}
15,{包1，严重多发性硬化症，脊髓灰质炎，	严重慢性呼吸功能衰竭，严重类风湿关节炎，严重系统性红斑狼疮，经输血导致的人类免疫缺陷病毒感染，Ⅰ型糖尿病，克隆病，植物人状态，严重全身型重症肌无力}
16,{包1；严重多发性硬化症；脊髓灰质炎；严重慢性呼吸功能衰竭；严重类风湿关节炎；严重系统性红斑狼疮；经输血导致的人类免疫缺陷病毒感染；Ⅰ型糖尿病；克隆病；植物人状态；严重全身型重症肌无力}
17,{包1，严重多发性硬化症，严重系统性红斑狼疮，严重哮喘，Ⅰ型糖尿病，植物人状态，严重全身型重症肌无力，慢性呼吸功能衰竭，严总的原发性心肌病，重症肌无力，经输血导致的人类免疫缺陷病毒感染，严重类风湿关节炎}
18,{包1，严重多发性硬化症，严重系统性红斑狼疮，严重哮喘，Ⅰ型糖尿病，植物人状态，严重全身型重症肌无力，原发性心肌病，重症肌无力，脊髓灰质炎，急性坏死性胰腺炎，经输血导致的人类免疫缺陷病毒感染，严重类风湿关节炎，肌营养不良症，终末期肺病，肾髓质囊性病，主动脉夹层瘤，脑动脉瘤开颅手术}
19,{恶性肿瘤；重大器官移植术或造血干细胞移植术；急性或亚急性重症肝炎；良性脑肿瘤；脑炎后遗症或脑膜炎后遗症；深度昏迷；双耳失聪；双目失明；瘫痪；严重脑损伤；严重Ⅲ度烧伤；急性肾功能衰竭尿毒症期；重症心肌炎伴充血性心力衰竭；严重急性再生障碍性贫血；脊髓灰质炎（瘫痪型）}
20,
21,{包1；慢性呼吸功能衰竭；严重多发性硬化；脊髓灰质炎；全身性重症肌无力；II级重症急性胰腺炎；肌营养不良症；系统性红斑狼疮－III型或以上狼疮性肾炎}
22,重大疾病{包1，慢性呼吸功能衰竭，严重冠心病，全身性重症肌无力，II级重症急性胰腺炎，肌营养不良症，严重心肌病，经输血导致的人类免疫缺陷病毒（HIV）感染，因职业关系导致的人类免疫缺陷病毒（HIV）感染，严重克隆病，植物人状态，严重溃疡性结肠炎，非阿尔茨海默病所致严重痴呆，系统性红斑狼疮－III型或以上狼疮性肾炎，严重类风湿性关节炎，严重多发性硬化，胰岛素依赖型糖尿病（I型糖尿病），全身型幼年类风湿性关节炎（斯蒂尔病），严重癫痫，川崎病，脊髓灰质炎}、特殊疾病或手术{早期前列腺癌（T1N0M0期），双侧睾丸切除手术，脑外伤颅骨钻孔手术，女性特定器官原位癌，因意外伤害毁容而施行的面部整形手术，双侧卵巢切除术，严重哮喘，风湿热伴心脏瓣膜损害，小面积Ⅲ度烧伤}
23,{包1；川崎病(伴有冠状动脉瘤形成)；Ｉ型糖尿病；植物人状态；全身型幼年类风湿性关节炎；严重心肌炎；永久丧失日常生活能力；严重肠胃炎；急性脊髓灰质炎}
24,{包1，植物人，系统性红斑狼疮并发重度的肾功能损害，多发性硬化，胰岛素依赖型糖尿病（Ｉ型糖尿病），原发性心肌病，重症肌无力，脊髓灰质炎，急性坏死性胰腺炎，肌营养不良症，终末期肺病，经输血感染艾滋病病毒，严重类风湿性关节炎，肾髓质囊性病，主动脉夹层瘤，脑动脉瘤开颅手术}
25,{包1；慢性呼吸功能衰竭；多发性硬化症；肌营养不良症；经输血导致的艾滋病病毒感染；原发性心肌病；硬皮病；肾髓质囊性病；植物人状态；慢性复发性胰腺炎；急性脊髓灰质炎}
26,{包1；原发性心肌病；脑动脉瘤开颅手术；多发性硬化；严重1型糖尿病；由输血或输液而感染艾滋病病毒；幼年类风湿性关节炎-斯蒂尔病且已接受关节置换手术；急性坏死性胰腺炎；严重的类风湿性关节炎；肌营养不良症；系统性红斑狼疮性肾炎；终末期肺病；重症肌无力；主动脉夹层瘤；植物人；自体造血干细胞移植手术}
27,少儿重大疾病{包1，多发性硬化症，急性出血性坏死性胰腺炎，恶性葡萄胎}
28,{包1；1型糖尿病；严重幼年型类风湿关节炎；.疾病或外伤所致智力障碍（残疾）；因严重头部创伤或疾病造成被保险人智力低常（智力低于常态）、智力残疾或学习障碍；严重川崎病}
29,{包1，冠状动脉血管成形术，多发性硬化症，慢性复发性胰腺炎，原发性心肌病，肾髓质囊性病，经输血导致的人类免疫缺陷病毒（HIV）感染，因职业关系导致的人类免疫缺陷病毒（HIV）感染，脊髓灰质炎，全身性重症肌无力，硬皮病，原发性硬化性胆管炎，严重克隆病，冠状动脉粥样斑块切除术，Ⅱ级重症急性胰腺炎，肌营养不良症，植物人状态，冠状动脉激光治疗，象皮病，脑外科手术，恶性葡萄胎，严重心肌炎，疯牛病，主动脉夹层瘤，埃博拉病毒感染，肝豆状核变性}
30,{包1，慢性呼吸功能衰竭，严重多发性硬化，全身性重症肌无力，严重心肌病，严重类风湿性关节炎，系统性红斑狼疮－III型或以上狼疮性肾炎，严重克隆病}
31,"18周岁后{1包1,慢性呼吸功能衰竭,严重多发性硬化,严重冠心病,严重心肌病,系统性红斑狼疮－III型或III型以上狼疮性肾炎,经输血导致的人类免疫缺陷病毒（HIV）感染,因职业关系导致的人类免疫缺陷病毒（HIV）感染,脊髓灰质炎,全身性重症肌无力,严重类风湿性关节炎,1型糖尿病,严重克隆病,严重溃疡性结肠炎,II级重症急性胰腺炎,肌营养不良症,植物人状态,独立能力丧失,终末期疾病,非阿尔茨海默病所致严重痴呆,肺源性心脏病}"
32,重大疾病{包1、严重心肌病、肌营养不良症、终末期肺病、多发性硬化症、严重类风湿性关节炎、经输血导致的人类免疫缺陷病毒感染、系统性红斑狼疮伴肾炎}
33,{包1，植物人，系统性红斑狼疮并发重度的肾功能损害，多发性硬化，胰岛素依赖型糖尿病（Ｉ型糖尿病），原发性心肌病，重症肌无力，脊髓灰质炎，急性坏死性胰腺炎，肌营养不良症，终末期肺病，经输血感染艾滋病病毒，严重类风湿性关节炎，肾髓质囊性病，主动脉夹层瘤，脑动脉瘤开颅手术}
34,{包1；慢性呼吸功能衰竭；严重多发性硬化；脊髓灰质炎；全身性重症肌无力；II级重症急性胰腺炎；肌营养不良症；系统性红斑狼疮－III型或以上狼疮性肾炎}
35,
36,{包1；慢性呼吸功能衰竭；严重冠心病；全身性重症肌无力；II级重症急性胰腺炎；肌营养不良症；严重心肌病；经输血导致的人类免疫缺陷病毒（HIV）感染；因职业关系导致的人类免疫缺陷病毒（HIV）感染；严重克隆病；植物人状态；严重溃疡性结肠炎；非阿尔茨海默病所致严重痴呆；系统性红斑狼疮－III型或以上狼疮性肾炎；严重类风湿性关节炎；严重多发性硬化；胰岛素依赖型糖尿病（I型糖尿病）；全身型幼年类风湿性关节炎（斯蒂尔病）；严重癫痫；川崎病；脊髓灰质炎}
37,重大疾病{包1，慢性呼吸功能衰竭，严重冠心病，全身性重症肌无力，II级重症急性胰腺炎，肌营养不良症，严重心肌病，经输血导致的人类免疫缺陷病毒（HIV）感染，因职业关系导致的人类免疫缺陷病毒（HIV）感染，严重克隆病，植物人状态，严重溃疡性结肠炎，非阿尔茨海默病所致严重痴呆，系统性红斑狼疮－III型或以上狼疮性肾炎，严重类风湿性关节炎，严重多发性硬化，胰岛素依赖型糖尿病（I型糖尿病），全身型幼年类风湿性关节炎（斯蒂尔病），严重癫痫，川崎病，脊髓灰质炎}、特殊疾病或手术{早期前列腺癌（T1N0M0期），双侧睾丸切除手术，脑外伤颅骨钻孔手术，女性特定器官原位癌，因意外伤害毁容而施行的面部整形手术，双侧卵巢切除术，严重哮喘，风湿热伴心脏瓣膜损害，小面积Ⅲ度烧伤}
38,{包1，多发性硬化，终末期肺病，颅脑手术，脊髓灰质炎，严重肌营养不良症，急性出血坏死性胰腺炎，侵蚀性葡萄胎}
39,{包1；细菌性脑脊髓膜炎；细菌性脑脊髓膜炎；Ｉ型糖尿病；严重胃肠炎；严重心肌炎}
40,{包1}
41,{包1；多发性硬化；终末期肺病；颅脑手术；脊髓灰质炎；严重肌营养不良症；急性出血坏死性胰腺炎；侵蚀性葡萄胎（或称恶性葡萄胎）}
42,{包1}
43,
44,{恶性肿瘤，重大器官移植术或造血干细胞移植术，严重川崎病，双耳失聪-三岁始理赔，双目失明-三岁始理赔，Ⅰ型糖尿病，严重幼年型类风湿性关节炎，脊髓灰质炎，疾病或外伤所致智力障碍，严重哮喘，严重Ⅲ度烧伤，重型再生障碍性贫血}
45,{包1，严重多发性硬化，严重慢性呼吸功能衰竭，严重冠心病，脊髓灰质炎，肌营养不良症，经输血导致的人类免疫缺陷（HIV）感染，慢性复发性胰腺炎，植物人状态，全身性重症肌无力，坏死性筋膜炎，严重克隆并，严重类风湿性关节炎，溶血性链球菌引起的坏疽}
46,"重大疾病{包1、严重多发性硬化、脊髓灰质炎、经输血导致的人类免疫缺陷病毒感染、严重心肌病、全身性重症肌无力、严重克隆病、严重类风湿性关节炎、严重川崎病、严重幼年型风湿关节炎、I型糖尿病、疾病或外伤所致智力障碍（残疾）},特种重大疾病{白血病、严重川崎病}"
47,{包1、植物人、I型糖尿病或胰岛素依赖型糖尿病、严重溃疡性结肠炎、严重心肌病、多样性硬化、严重急性坏死性胰腺炎、肌营养不良症、慢性呼吸功能衰竭、系统性红斑狼疮－III型或以上狼疮性肾炎}
48,{包1、植物人、I型糖尿病或胰岛素依赖型糖尿病、严重溃疡性结肠炎、严重心肌病、多样性硬化、严重急性坏死性胰腺炎、肌营养不良症、慢性呼吸功能衰竭、系统性红斑狼疮－III型或以上狼疮性肾炎}
49,{包1、植物人、I型糖尿病或胰岛素依赖型糖尿病、严重溃疡性结肠炎、严重心肌病、多样性硬化、严重急性坏死性胰腺炎、肌营养不良症、慢性呼吸功能衰竭、系统性红斑狼疮－III型或以上狼疮性肾炎}
50,{包1、植物人、I型糖尿病或胰岛素依赖型糖尿病、严重溃疡性结肠炎、严重心肌病、多样性硬化、严重急性坏死性胰腺炎、肌营养不良症、慢性呼吸功能衰竭、系统性红斑狼疮－III型或以上狼疮性肾炎}
51,
52,{包1、严重多发性硬化症、经输血导致的人类免疫缺陷病毒感染、终末期肺病、严重类风湿性关节炎、严重系统性红斑狼疮性肾病}
53,{包1、多发性硬化症、经输血导致的人类免疫缺陷病毒感染、植物人、系统性红斑狼疮、胰岛素依赖型糖尿病（I型糖尿病）、原发性心肌病、重症肌无力、急性坏死性胰腺炎、严重类风湿性关节炎}
54,{包1，严重多发性硬化症，严重系统性红斑狼疮，，Ⅰ型糖尿病，植物人状态，重症肌无力，原发性心肌病，重症肌无力，急性坏死性胰腺炎，经输血导致的人类免疫缺陷病毒感染，严重类风湿关节炎，终末期肺病}
55,"重大疾病{包1、I型糖尿病、川崎病伴心脏损害、急性脊髓灰质炎、全身型幼年类风湿性关节炎、由输血而感染艾滋病病毒、严重心肌炎、坏死性筋膜炎、肌营养不良、严重癫痫、植物人、重症肌无力},轻症少儿重疾{原位癌、心脏瓣膜介入手术（非开胸手术）、脑垂体瘤、脑囊肿、脑动脉瘤及脑血管瘤、较小面积III度烧伤、川崎病（轻）、脑外伤手术、严重哮喘}"
56,{包1，严重的多发性硬化，严重的1型糖尿病，侵蚀性葡萄胎（或称恶性葡萄胎），系统性红斑狼疮并发重度的肾功能损害，严重的原发性心肌病}
57,{包1；肾髓质囊性病；原发性心肌病；持续植物人状态；全身性重症肌无力；坏死性筋膜炎；终末期肺病；经输血导致的人类免疫缺陷病毒（HIV）感染；肌营养不良症；严重多发性硬化；严重克隆病；严重哮喘；严重心肌炎；严重溃疡性结肠炎；原发性硬化性胆管炎；急性坏死性胰腺炎；Ⅲ度房室传导阻滞；肝豆状核变性（或称Wilson病）}
58,{包1；细菌性脑脊髓膜炎；植物人；Ｉ型糖尿病；严重胃肠炎；严重心肌炎}
59,{包1，慢性呼吸功能衰竭，严重的多发性硬化症，严重脊髓灰质炎，系统性红斑狼疮合并狼疮性肾炎，严重冠心病，严重心肌病，全身性重症肌无力，经输血导致的艾滋病病毒感染}
60,{包1，终末期肺病，肌营养不良症，多发性硬化症，经输血导致的人类免疫缺陷病毒感染}
61,{包1，严重多发性硬化，因职业关系导致的人类免疫缺陷病毒感染，重症急性胰腺炎，全身性重症肌无力，系统性红斑狼疮-III型或以上狼疮性肾炎，慢性呼吸功能衰竭，1型糖尿病，严重川崎病，严重类风湿性关节炎，严重克隆病，严重冠心病，严重溃疡性结肠炎，持续植物人状态，急性脊髓灰质炎，非阿尔茨海默病所致严重痴呆}
62,{包1；严重多发性硬化；慢性呼吸功能衰竭；严重冠心病；脊髓灰质炎；严重类风湿性关节炎；系统性红斑狼疮－III型或以上狼疮性肾炎；严重溃疡性结肠炎；经输血导致的人类免疫缺陷病毒（HIV）感染；严重弥漫性系统性硬皮病；全身性重症肌无力；持续植物人状态；严重心肌病；丝虫病所致象皮病；严重克隆病；重症坏死性筋膜炎；II级重症急性胰腺炎；1型糖尿病；严重原发性硬化性胆管炎；特发性慢性肾上腺皮质功能减退；嗜铬细胞瘤}
63,{包1；严重多发性硬化；慢性呼吸功能衰竭；严重冠心病；脊髓灰质炎；严重类风湿性关节炎；系统性红斑狼疮－III型或以上狼疮性肾炎；严重溃疡性结肠炎；经输血导致的人类免疫缺陷病毒（HIV）感染；严重弥漫性系统性硬皮病；全身性重症肌无力；持续植物人状态；严重心肌病；丝虫病所致象皮病；严重克隆病；重症坏死性筋膜炎；II级重症急性胰腺炎；1型糖尿病；严重原发性硬化性胆管炎；特发性慢性肾上腺皮质功能减退；嗜铬细胞瘤}
64,{包1；冠状动脉血管成形术；多发性硬化症；慢性复发性胰腺炎；原发性心肌病；肾髓质囊性病；经输血导致的人类免疫缺陷病毒（HIV）感染；因职业关系导致的人类免疫缺陷病毒（HIV）感染；脊髓灰质炎；全身性重症肌无力；硬皮病；原发性硬化性胆管炎；严重克隆病；冠状动脉粥样斑块切除术；Ⅱ级重症急性胰腺炎；肌营养不良症；植物人状态；冠状动脉激光治疗；象皮病；脑外科手术；恶性葡萄胎；严重心肌炎；疯牛病；主动脉夹层瘤；埃博拉病毒感染；肝豆状核变性}
65,{恶性肿瘤、急性心肌梗塞、脑中风后遗症、重大器官移植术或造血干细胞移植术、冠状动脉搭桥术（或称冠状动脉旁路移植术）、终末期肾病（或称慢性肾功能衰竭尿毒症期）}
66,{包1；严重多发性硬化症；严重系统性红斑狼疮性肾病；严重重症肌无力}
67,{包1、严重多发性硬化、因职业关系导致的HIV感染、特发性慢性肾上腺皮质功能减退、严重冠状动脉粥样硬化性心脏病、脊髓灰质炎、全身性（型）重症肌无力、严重心肌病、严重克罗恩病（Crohn’s病）、严重溃疡性结肠炎、植物人状态、严重1型糖尿病、系统性红斑狼疮－（并发）III型或以上狼疮性肾炎、非阿尔茨海默病所严重痴呆、严重类风湿性关节炎、严重哮喘-二十五岁前理赔、肾髓质囊性病、重症急性坏死性筋膜炎、慢性呼吸功能衰竭终末期肺病、胰腺移植、埃博拉病毒感染、破裂脑动脉瘤夹闭手术、丝虫病所致象皮肿、急性坏死性胰腺炎开腹手术、主动脉夹层血肿、系统性硬皮病、原发性硬化性胆管炎、经输血导致的人类免疫缺陷病毒感染、疯牛病、慢性复发性胰腺炎、严重川崎病}
68,{包1，严重多发性硬化症，严重系统性红斑狼疮性肾病，严重重症肌无力}
69,{恶性肿瘤，重大器官移植术或造血干细胞移植术，急性肾功能衰竭或终末期肾病，急性或亚急性重症肝炎，良性脑肿瘤，脑炎后遗症或脑膜炎后遗症，重型再生障碍性贫血，严重脊髓灰质炎，严重幼年型类风湿性关节炎，严重川崎病，重症肌无力，胰岛素依赖性糖尿病}
70,{包1，严重心肌病，严重重症肌无力，严重多发性硬化症，严重脊髓灰质炎，严重类风湿性关节炎，严重系统性红斑狼疮性肾病，终末期肺病，严重克隆病，严重溃疡性结肠炎，持续植物人状态，严重胰岛素依赖型糖尿病，严重冠心病，急性坏死性胰腺炎开腹手术，经输血导致的人类免疫缺陷病毒感染}
71,{包1，严重心肌病，严重重症肌无力，严重多发性硬化症，严重脊髓灰质炎，严重类风湿性关节炎，严重系统性红斑狼疮性肾病}
72,重大疾病{包1、严重心肌病、严重重症肌无力、严重多发性硬化症、严重脊髓灰质炎、严重类风湿性关节炎、严重系统性红斑狼疮性肾病、终末期肺病、严重克隆病、严重溃疡性结肠炎、持续植物人状态、严重胰岛素依赖型糖尿病、严重冠心病、急性坏死性胰腺炎开腹手术、经输血导致的人类免疫缺陷病毒感染、非阿尔茨海默病所致严重痴呆}，特定疾病：{特定恶性病变或恶性肿瘤、不典型的急性心肌梗塞、冠状动脉介入手术、特定脑中风后遗症、心脏瓣膜介入手术、特定面积Ⅲ度烧伤、主动脉介入手术、严重脑垂体瘤、脑囊肿、脑动脉瘤及脑血管瘤、特定年龄视力受损、严重头部外伤}
73,重大疾病{包1、严重多发性硬化、因职业关系导致的人类免疫缺陷病毒（HIV）感染、重症急性胰腺炎、肌营养不良症、系统性红斑狼疮－III型或以上狼疮性肾炎、慢性呼吸功能衰竭、I型糖尿病}
74,{包1}
75,特定疾病{颈动脉内膜切除手术、单眼视力丧失、慢性复发性胰腺炎、侵袭性葡萄胎、极早期包1、严重多发性硬化、因职业关系导致的人类免疫缺陷病毒（HIV）感染、重症急性胰腺炎、肌营养不良症、系统性红斑狼疮－III型或以上狼疮性肾炎、慢性呼吸功能衰竭、I型糖尿病、严重类风湿性关节炎、严重克隆病、因输血导致的人类免疫缺陷病毒（HIV）感染、严重冠心病、严重原发性心肌病、非阿尔茨海默病所致严重痴呆、脊髓灰质炎、植物人状态、重症肌无力、溃疡性结肠炎、肾髓质囊性病、全身型硬皮病、肺源性心脏病}
76,"｛脑炎后遗症或脑膜炎后遗症,深度昏迷,双耳失聪,双目失明,瘫痪,心脏瓣膜手术,严重阿尔茨海默病,严重脑损伤,严重帕金森病,严重III度烧伤,严重原发性肺动脉高压,严重运动神经元病,语言能力丧失,重型再生障碍性贫血,主动脉手术,系统性红斑狼疮－III型或以上狼疮性肾炎,经输血导致的人类免疫缺陷病毒（HIV）感染,严重多发性硬化,严重类风湿性关节炎,慢性呼吸功能衰竭｝"
77,｛包1，多发性硬化症经输血导致的人类免疫缺陷病毒感染，植物人状态，系统性红斑狼疮，胰岛素严赖型糖尿病（Ｉ型糖尿病），原发性心肌病，重症肌无力，急性坏死性胰腺炎，坏死性筋膜炎，终末期肺病，严重类风湿性关节炎，非阿尔茨海默病所致严重痴呆，系统性硬化，脊髓灰质炎，严重克隆病，严重溃疡性结肠炎，因职业关系导致的人类免疫缺陷病毒感染，川崎病，慢性肾上腺皮质功能衰竭，埃博拉病毒感染，象皮病，肺源性心脏病，原发性硬化性，疯牛病，严重心肌炎｝
78,{包1；严重多发性硬化；脊髓灰质炎；全身性重症肌无力；严重冠心病；严重心肌病；严重类风湿性关节炎；系统性红斑狼疮－Ⅲ型或以上狼疮性肾炎；因职业关系导致的艾滋病病毒（HIV）感染；经输血导致的艾滋病病毒感染；严重克隆病；严重溃疡性结肠炎；Ⅱ级重症急性胰腺炎；植物人状态；非阿尔茨海默病所致严重痴呆；重症急性坏死性筋膜炎；1型糖尿病；丝虫病所致象皮病；胰腺移植；肌营养不良症；严重慢性复发性胰腺炎；严重原发性硬化性胆管炎；严重弥漫性系统性硬皮病；特发性慢性肾上腺皮质功能减退；破裂脑动脉瘤夹闭手术}
79,{包1；慢性呼吸功能衰竭；肌营养不良症；多发性硬化症；脊髓灰质炎；严重心肌病；重度胰岛素依赖型糖尿病(I型糖尿病)；严重类风湿性关节炎}
80,{包1}
81,{包1；严重的多发性硬化；经输血导致的艾滋病病毒感染；经输血导致的艾滋病病毒感染；系统性硬化症；肌营养不良；严重慢性呼吸功能衰竭；冠状动脉成形术；冠状动脉粥样斑块切除术；植物人状态；川崎病（皮肤粘膜淋巴结综合症）；胰岛素依赖型糖尿病（1型糖尿病）；小儿麻痹症；艾滋病：由于输血感染艾滋病病毒；心脏瓣膜置换；全身型幼年类风湿性关节炎（斯蒂尔病）；去皮质综合症（植物状态）}
82,{包1；严重川崎病；全身型幼年类风湿性关节炎（斯蒂尔氏病）；严重哮喘；胰岛素依赖型糖尿病（I型糖尿病）；急性脊髓灰质炎}
83,少儿重大疾病{包1，严重冠心病，严重心肌病，严重多发性硬化，慢性呼吸衰竭，经输血导致的人类免疫缺陷病毒感染，系统性红斑狼疮，急性坏死性胰腺炎}
84,{包1，经输血导致的人类免疫缺陷病毒感染川崎病，严重幼年型类风湿性关节炎，1型糖尿病，脊髓灰质炎}
85,{包1，慢性呼吸功能衰竭，严重多发性硬化症，脊髓灰质炎，严重全身型重症肌无力，严重冠心病，严重心肌病，严重类风湿关节炎，严重系统性红斑狼疮，因职业关系导致的HIV感染，严重克隆病，严重溃疡性结肠炎，Ⅱ级重症急性胰腺炎，植物人状态，非阿尔兹海默病所致严重痴呆，中正急性坏死性筋膜炎，Ⅰ型糖尿病，经输血导致的人类免疫缺陷病毒感染，丝虫病所致象皮病，胰腺移植，肌营养不良症，严重慢性复发性胰腺炎，严重原发性硬化性胆管炎，严重弥漫性系统性硬皮病，特发性慢性肾上腺皮质功能衰退，破裂脑动脉瘤夹闭手术}
86,{包1}
87,{包1，细菌性脑脊髓膜炎，植物人，1型糖尿病，严重肠胃炎，经输血感染艾滋病毒，重症肌无力，严重幼年型类风湿关节炎，白血病}
88,{包1，慢性呼吸功能衰竭，经输血导致的人类免疫缺陷病毒感染，系统性硬皮病，，严重克隆病，多发性硬化，严重肌营养不良，颅脑手术，重症肌无力，植物人状态，严重心肌病，系统性红斑狼疮，严重类风湿性关节炎，即兴初学坏死性胰腺炎，溶血性链球菌引起的坏疽，坏死性筋膜炎}
89,{包1，严重克隆病，多发性硬化，重症肌无力，严重心肌病，急性坏死性胰腺炎}
90,{包1，严重克隆病，多发性硬化，重症肌无力，严重心肌病，急性坏死性胰腺炎}
91,{包1，经输血导致的人类免疫缺陷病毒感染，严重克隆病，重症肌无力，多发性硬化症，严重肌营养不良，原发性心肌病，严重系统性红斑狼疮，急性坏死性胰腺炎，严重类风湿关节炎，坏死性筋膜炎，终末期肺病，严重脊髓灰质炎，慢性肾上腺皮质功能衰竭}
92,{包1，重症心肌炎伴充血性心力衰竭，严重幼年型风湿关节炎，脊髓灰质炎}
93,少儿{包1，多发性硬化症，系统性红疮狼斑累及肾脏，植物人状态，经输血导致的人类免疫缺陷病毒感染，严重克隆病，坏死性筋膜炎，全身性重症肌无力，严重的I型糖尿病，肾髓质囊性病}
94,{包1；终末期肺病；多发性硬化症；系统性红斑狼疮累及肾脏（严重的狼疮性肾炎）；植物人状态；经输血导致的人类免疫缺陷病毒（HIV）感染；严重克隆病；坏死性筋膜炎；全身性重症肌无力；严重的Ｉ型糖尿病；肾髓质囊性病}
95,{包1；多发性硬化症；严重的原发性心肌病；严重类风湿性关节炎；慢性复发性胰腺炎；严重冠心病；因职业关系导致的人类免疫缺陷病毒（HIV）感染；脊髓灰质炎；系统性红斑狼疮并发重度的肾功能损害}
96,{包1；多发性硬化；经输血导致的人类免疫缺陷病毒感染；终末期肺病；严重类风湿性关节炎；系统性红斑狼疮}
97,{包1、终末期慢性呼吸功能衰竭、系统性红斑狼疮性肾炎、严重多发性硬化症、严重肌营养不良症、急性出血坏死性胰腺炎、克隆病}
98,{包1、终末期慢性呼吸功能衰竭、系统性红斑狼疮性肾炎、严重多发性硬化症、严重肌营养不良症、急性出血坏死性胰腺炎、克隆病}
99,{包1，多个肢体缺失，系统性红斑狼疮性肾炎，急性出血坏死性胰腺炎，克隆病，肾髓质囊性病，严重系统性硬化症，严重原发性心肌病，因输血感染艾滋病，严重多发性硬化症，严重肌营养不良症，主动脉夹层瘤，重症肌无力，急性脊髓灰质炎，严重类风湿性关节炎}
100,{恶性肿瘤，重大器官移植术或造血干细胞移植术，终末期肾病（或称慢性肾功能衰竭尿毒症期），急性或亚急性重症肝炎，良性脑肿瘤，双耳失聪，双目失明，心脏瓣膜手术，严重Ⅲ度烧伤，语言能力丧失，重型再生障碍性贫血，严重川崎病，严重幼年型类风湿关节炎，系统性红斑狼疮性肾炎，Ⅰ型糖尿病（胰岛素依赖型糖尿病）}
101,{包1、终末期慢性呼吸功能衰竭、系统性红斑狼疮性肾炎、严重多发性硬化症、严重肌营养不良症、急性出血坏死性胰腺炎、克隆病}
102,女性特定重大疾病{女性器官癌症，系统性红斑狼疮（III型或以上狼疮性肾炎），严重类风湿性关节炎}，女性原位癌{子宫原位癌，子宫颈原位癌，乳腺原位癌，卵巢原位癌，输卵管原位癌，阴道原位癌，外阴原位癌}，女性特定手术{子宫全切手术，双侧卵巢切除手术，乳房全切手术，骨质疏松所致骨折手术，因意外伤害毁容而施行的面部整形手术}
103,{包1，终末期慢性呼吸功能衰竭，系统性红斑狼疮性肾炎，严重多发性硬化症，严重肌营养不良症，急性出血坏死性胰腺炎，克隆性，严重脊髓灰质炎，因输血感染艾滋病病毒，植物人状态，因职业关系导致的感染艾滋病病毒，严重溃疡性结肠炎}
104,{恶性肿瘤，重大器官移植术或造血干细胞移植术，终末期肾病（或称慢性肾功能衰竭尿毒症期），急性或亚急性重症肝炎，良性脑肿瘤，双耳失聪，双目失明，心脏瓣膜手术，严重Ⅲ度烧伤，语言能力丧失，重型再生障碍性贫血，严重幼年型类风湿关节炎}
105,{原发于女性乳腺、子宫、子宫颈、卵巢、输卵管、阴道和外阴的癌症}
106,{包1，终末期慢性呼吸功能衰竭，系统性红斑狼疮性肾炎，严重多发性硬化症，严重肌营养不良症，急性出血坏死性胰腺炎，克隆病}
107,{恶性肿瘤，重大器官移植术或造血干细胞移植术，终末期肾病，急性或亚急性重症肝炎，良性脑肿瘤，双目失明，双目失聪，心脏瓣膜手术，严重III度烧伤，严重运动神经元病，语言能力丧失，严重幼年型类风湿关节炎，脑炎后遗症或脑膜炎后遗症，重症肌无力，严重脊髓灰质炎}
108,女性特定重大疾病{女性器官癌症，系统性红斑狼疮（III型或以上狼疮性肾炎），严重类风湿性关节炎}，女性原位癌{子宫原位癌，子宫颈原位癌，乳腺原位癌，卵巢原位癌，输卵管原位癌，阴道原位癌，外阴原位癌}，女性特定手术{子宫全切手术，双侧卵巢切除手术，乳房全切手术，骨质疏松所致骨折手术，因意外伤害毁容而施行的面部整形手术}
109,{包1}
110,{包1，慢性肺部疾病，多发性硬化症，脊髓灰质炎，经输血导致的艾滋病病毒感染，肌营养不良症}
111,{包1，严重多发性硬化，因职业关系导致的HIV感染，严重慢性呼吸功能衰竭，严重冠状动脉粥样硬化性心脏病，脊髓灰质炎，全身性重症肌无力，严重心肌病，严重克罗恩病，严重溃疡性结肠炎，植物人状态}
112,{包1、终末期慢性呼吸功能衰竭、系统性红斑狼疮性肾炎、严重多发性硬化症、严重肌营养不良症、急性出血坏死性胰腺炎、克隆病}
113,特定疾病{非危及生命的恶性病变、不典型的急性心肌梗塞、冠状动脉介入手术、轻微脑中风、心脏瓣膜介入手术、单眼视力丧失、主动脉内手术、脑垂体瘤、脑囊肿、脑动脉瘤及脑血管瘤}，重大疾病{包1、终末期慢性呼吸功能衰竭、系统性红斑狼疮（III型或以上狼疮性肾炎）、严重多发性硬化症、严重肌营养不良症、急性出血坏死性胰腺炎、克隆病、严重脊髓灰质炎、因输血感染艾滋病病毒、植物人状态、因职业关系导致的感染艾滋病病毒、严重溃疡性结肠炎}
114,{包1、终末期慢性呼吸功能衰竭、系统性红斑狼疮性肾炎、严重多发性硬化症、严重肌营养不良症、急性出血坏死性胰腺炎、克隆病、系统性红斑狼疮－III型或以上狼疮性肾炎、经输血导致的人类免疫缺陷病毒（HIV）感染、严重类风湿性关节炎、慢性呼吸功能衰竭}
115,{包1、终末期慢性呼吸功能衰竭、系统性红斑狼疮性肾炎、严重多发性硬化症、严重肌营养不良症、急性出血坏死性胰腺炎、克隆病、系统性红斑狼疮－III型或以上狼疮性肾炎、经输血导致的人类免疫缺陷病毒（HIV）感染、严重类风湿性关节炎、慢性呼吸功能衰竭、植物人状态、急性脊髓灰质炎、多发性硬化症原发性心肌病系统性红斑狼疮严重慢性呼吸衰竭、全身性重症肌无力、严重克隆病、严重溃疡性结肠炎、坏死性筋膜炎、慢性复发性胰腺炎、肌营养不良症、非阿尔茨海默病所致严重痴呆、严重川崎病、严重幼年型类风湿性关节炎、疾病或外伤所致智力障碍（残疾）、严重心肌炎、原发性硬化性胆管炎、Ⅲ度房室传导阻滞}
116,{包1}
117,{包1，胰岛素依赖型糖尿病，严重的心肌炎，严重川崎病，严重幼年型类风湿关节炎，脊髓灰质炎，重度哮喘}
118,{恶性肿瘤，重大器官移植术或造血干细胞移植术，终末期肾病，急性或亚急性重症肝炎，良性脑肿瘤，慢性肝功能衰竭失代偿期，脑炎后遗症或脑膜炎后遗症，深度昏迷，双目失明，双目失聪，心脏瓣膜手术，严重脑损伤，严重III度烧伤，语言能力丧失，重症再生障碍性贫血，川崎病，婴儿进行性脊肌萎缩症，严重哮喘，成骨不全症，幼年型类风湿性关节炎，严重胃肠炎，严重心肌炎，脊髓灰质炎，疾病或外伤所致智力障碍，因输血感染艾滋病病毒}
119,{包1，严重慢性呼吸功能衰竭，严重心肌病、严重多发性硬化症、1型糖尿病及其并发症、单个肢体缺失、植物人状态，全身型重症肌无力，经输血导致的人类免疫缺陷病毒感染，严重类风湿性关节炎，系统性红斑狼疮性肾炎，严重溃疡性结肠炎，Ⅱ级重症急性胰腺炎，严重冠心病，严重脊髓灰质炎，严重克隆病，严重弥漫性系统性硬皮病，因职业关系导致的人类免疫缺陷病毒感染，重症急性坏死性筋膜炎，严重慢性复发性胰腺炎，严重心肌炎，进行性核上性麻痹，破裂脑动脉瘤夹闭手术，严重自身免疫性肝炎，慢性肺源性心脏病}
120,{包1，严重慢性呼吸功能衰竭，严重心肌病、严重多发性硬化症、1型糖尿病及其并发症、单个肢体缺失、植物人状态，全身型重症肌无力，经输血导致的人类免疫缺陷病毒感染，严重类风湿性关节炎，系统性红斑狼疮性肾炎，严重溃疡性结肠炎，Ⅱ级重症急性胰腺炎，严重冠心病，严重脊髓灰质炎，严重克隆病，严重弥漫性系统性硬皮病，因职业关系导致的人类免疫缺陷病毒感染，重症急性坏死性筋膜炎，严重慢性复发性胰腺炎，严重心肌炎，进行性核上性麻痹，破裂脑动脉瘤夹闭手术，严重自身免疫性肝炎，慢性肺源性心脏病}
121,{包1，细菌性脑脊髓膜炎，植物人，Ｉ型糖尿病，严重胃肠炎，严重心肌炎}
122,{包1、慢性呼吸功能衰竭、严重多发性硬化、严重冠心病、严重心肌炎、系统性红斑狼疮－III型或III型以上狼疮性肾炎、经输血导致的人类免疫缺陷病毒感染、脊髓灰质炎、全身性重症肌无力、严重I型糖尿病\植物人状态}
123,{包1，慢性呼吸功能衰竭，严重心肌病、严重多发性硬化症，严重冠心病，系统性红斑狼疮-III型或III型以上狼疮性肾炎，脊髓灰质炎，经输血导致的人类免疫缺陷病毒感染，因职业关系导致的人类免疫缺陷病毒感染，特发性慢性肾上腺皮质功能减退，自主生活能力完全丧失重症，植物人状态，全身性重症肌无力，重症急性坏死性筋膜炎，严重类风湿性关节炎，严重克隆病，严重溃疡性结肠炎，严重原发性硬化性胆管炎，II级重症急性胰腺炎，非阿尔茨海默病所致严重痴呆，破裂脑动脉瘤夹闭手术，主动脉夹层血肿，严重弥漫性系统性硬皮病，严重慢性复发性胰腺炎，进行性核上性麻痹，肾髓质囊性病，丝虫病所致象皮病，胰腺移植，严重心肌炎，肺源性心脏病，1型糖尿病，肌营养不良症，嗜铬细胞瘤，克-雅氏病（CJD、人类疯牛病），严重川崎病，完全性房室传导阻滞}
124,{包1，多发性硬化症，多发性硬化症，系统性红斑狼疮合并狼疮性肾炎，象皮病，原发性心肌病，肾髓质囊性病，脊髓灰质炎后遗症，慢性复发性胰腺炎，严重类风湿关节炎，冠状动脉粥样斑块切除术，植物人状态，终末期肺病，侵蚀性葡萄胎，系统性硬化症（硬皮病），原发性硬化性胆管炎，坏死性筋膜炎，严重克隆病，严重溃疡性结肠炎，急性坏死性胰腺炎开腹手术，重症肌无力，原发性慢性肾上腺皮质功能减退，胰腺移植，因输血导致的人类免疫缺陷病毒（HIV）感染，肺源性心脏病，主动脉夹层瘤，终末期疾病}
125,少儿重疾{包1、多发性硬化症、胰岛素依赖型糖尿病（1型糖尿病）、慢性呼吸功能衰竭、植物人状态、严重心肌病、重症肌无力、因职业关系导致的人类免疫缺陷病毒（HIV）感染、经输血导致的人类免疫缺陷病毒（HIV）感染、严重类风湿性关节炎、系统性红斑狼疮－Ⅲ型或以上狼疮性肾、严重克隆病、严重溃疡性结肠炎、非阿尔茨海默病所致严重痴呆}，少儿轻疾{极早期的恶性肿瘤或恶性病变、轻微脑中风、视力严重受损、较小面积Ⅲ度烧伤、脑垂体瘤、脑囊肿、脑动脉瘤及脑血管瘤、重度头部外伤、单个肢体缺失、川崎病合并冠状动脉扩张、严重脑炎或脑膜炎、脊髓灰质炎}，成人轻症{极早期的恶性肿瘤或恶性病变、不典型的急性心肌梗塞、冠状动脉介入手术、轻微脑中风、心脏瓣膜介入手术、视力严重受损、较小面积Ⅲ度烧伤、主动脉内手术、脑垂体瘤、脑囊肿、脑动脉瘤及脑血管瘤、重度头部外伤}，男性重疾{原发于男性肺部、肝部和前列腺的恶性肿瘤}，女性重疾{原发于女性肺部、乳腺和子宫颈的恶性肿瘤，但不包括发生于子宫体的恶性肿瘤}
126,{恶性肿瘤、急性心肌梗塞、脑中风后遗症、重大器官移植术或造血干细胞移植术、冠状动脉搭桥术、终末期肾病、多个肢体缺失、良性脑肿瘤、慢性肝功能衰竭失代偿期、脑炎后遗症或脑膜炎后遗症、深度昏迷、双耳失聪、双目失明、瘫痪、心脏瓣膜手术、严重阿尔茨海默病、严重脑损伤、严重帕金森病、严重III度烧伤、严重原发性肺动脉高压、严重运动神经元病、语言能力丧失、重型再生障碍性贫血、主动脉手
127,{慢性肺源性心脏病；严重自身免疫性肝炎；破裂脑动脉瘤夹闭手术；进行性核上性麻痹；严重慢性复发性胰腺炎；重症急性坏死性筋膜炎；因职业关系导致的人类免疫缺陷病毒感染；严重弥漫性系统性硬皮病；严重克隆病；严重脊髓灰质炎；严重冠心病；Ⅱ级重症急性胰腺炎；严重溃疡性结肠炎；系统性红斑狼疮性肾炎；严重类风湿性关节炎；经输血导致的人类免疫缺陷病毒感染；全身型重症肌无力；植物人状态；单个肢体缺失；1型糖尿病及其并发症；严重多发性硬化症；严重心肌病；严重慢性呼吸衰竭；包1}
128,{包1；多发性硬化症；胰岛素依赖型糖尿病（1型糖尿病）；慢性呼吸功能衰竭；植物人状态；严重心肌病；重症肌无力；因职业关系导致的人类免疫缺陷病毒（HIV）感染；经输血导致的人类免疫缺陷病毒（HIV）感染；严重类风湿性关节炎；系统性红斑狼疮－Ⅲ型或以上狼疮性肾炎；严重克隆病；非阿尔茨海默病所致严重痴呆；严重溃疡性结肠炎；严重哮喘；严重脊髓灰质炎；重症急性坏死性筋膜炎；严重川崎病；系统性硬皮病；丝虫病所致象皮肿；胰腺移植；急性坏死性胰腺炎开腹手术；慢性复发性胰腺炎；疯牛病；肾髓质囊性病；原发性硬化性胆管炎}
129,特定疾病{特定恶性病变，不典型的急性心肌梗塞，冠状动脉介入手术，特定脑中风后遗症，心脏瓣膜介入手术，特定面积Ⅲ度烧伤，主动脉介入手术，严重脑垂体瘤、脑囊肿、脑动脉瘤及脑血管瘤，3周岁后视力受损，严重头部外伤}，重大疾病{包1，严重重症肌无力，严重多发性硬化，严重冠心病，严重心肌病，严重系统性红斑狼疮性肾病－Ⅲ型或Ⅲ型以上狼疮性肾炎，经输血导致的人类免疫缺陷病毒感染，严重类风湿性关节炎，严重脊髓灰质炎，终末期肺病，严重克隆病，严重溃疡性结肠炎，持续植物人状态，Ⅰ型糖尿病，Ⅱ级重症急性胰腺炎，非阿尔茨海默病所致严重痴呆，坏死性筋膜炎，原发性硬化性胆管炎}，特定重大疾病{终末期肾病、冠状动脉搭桥术、脑中风后遗症}
130,重大疾病{包1（非开胸）、脑垂体瘤、脑囊肿、脑动脉瘤手术、较小面积III度烧伤、重度头部外伤、慢性肾功能损害-肾功能衰竭期}
131,{包1、重度慢性呼吸功能衰竭、严重肌营养不良症、严重多发性硬化症、脊髓灰质炎后遗症、严重心肌病、严重心肌病、重度I型糖尿病、严重类风湿性关节炎、严重溃疡性结肠炎、严重坏死性筋膜炎、严重重症肌无力、严重系统性硬皮病、严重原发性硬化性胆管炎、、严重克隆病伴肠梗阻或肠穿孔、急性坏死性胰腺炎开腹手术、破裂脑动脉瘤夹闭手术}
132,{包1、重度慢性呼吸功能衰竭、严重肌营养不良症、严重多发性硬化症、脊髓灰质炎后遗症、严重心肌病、严重心肌病、重度I型糖尿病、严重类风湿性关节炎、严重溃疡性结肠炎、严重坏死性筋膜炎、严重重症肌无力、（严重系统性硬皮病、严重原发性硬化性胆管炎、严重克隆病伴肠梗阻或肠穿孔、急性坏死性胰腺炎开腹手术、破裂脑动脉瘤夹闭手术}
133,{包1、多发性硬化症、）胰岛素依赖型糖尿病（1型糖尿病）、慢性呼吸功能衰竭、植物人状态、严重心肌病、重症肌无力、因职业关系导致的人类免疫缺陷病毒（HIV）感染、经输血导致的人类免疫缺陷病毒（HIV）感染、严重类风湿性关节炎、系统性红斑狼疮－Ⅲ型或以上狼疮性肾炎、严重克隆病、严重溃疡性结肠炎、非阿尔茨海默病所致严重痴呆、严重哮喘、严重脊髓灰质炎、重症急性坏死性筋膜炎、严重川崎病、系统性硬皮病、丝虫病所致象皮肿、胰腺移植、急性坏死性胰腺炎开腹手术、慢性复发性胰腺炎、疯牛病、肾髓质囊性病、原发性硬化性胆管炎}
134,{恶性肿瘤，急性心肌梗塞，脑中风后遗症，重大器官移植术或造血干细胞移植术，冠状动脉搭桥术（或称冠状动脉旁路移植术），终末期肾病（或称慢性肾功能衰竭尿毒症期）}
135,{包1，严重多发性硬化症，因职业关系导致的人类免疫缺陷病毒（HIV）感染，重症急性胰腺炎，肌营养不良症，系统性红斑狼疮－Ⅲ型或以上狼疮性肾炎，慢性呼吸功能衰竭，1型糖尿病，严重类风湿性关节炎，严重克隆病，因输血导致的人类免疫缺陷病毒（HIV）感染，严重冠心病，严重原发性心肌病，非阿尔茨海默病所致严重痴呆，植物人状态，重症肌无力，溃疡性结肠炎，肾髓质囊性病，全身性硬皮病，肺源性心脏病，慢性肾上腺功能不全，主动脉夹层，感染性心内膜炎，嗜铬细胞瘤，严重克-雅二氏病，胰腺移植，肝豆状核变性（Wilson病），丝虫病所致象皮肿，坏死性筋膜炎，严重哮喘，严重心肌炎，原发性硬化性胆管炎，Ⅲ度房室传导阻滞，严重自身免疫性肝炎，破裂脑动脉瘤夹闭手术，骨髓纤维化}
136,{包1}
137,{包1、严重多发性硬化症、因职业关系导致的人类免疫缺陷病毒（HIV）感染、重症急性胰腺炎、严重肌营养不良症、系统性红斑狼疮－Ⅲ型或以上狼疮性肾炎、慢性呼吸功能衰竭、胰岛素依赖型糖尿病（1型糖尿病）、严重类风湿性关节炎、严重克隆病、经输血导致的人类免疫缺陷病毒（HIV）感染、严重冠心病、严重原发性心肌病、非阿尔茨海默病所致严重痴呆、植物人状态、重症肌无力、溃疡性结肠炎、肾髓质囊性病、全身性硬皮病、肺源性心脏病、慢性肾上腺功能不全、主动脉夹层、感染性心内膜炎、嗜铬细胞瘤、严重克-雅二氏病、胰腺移植、肝豆状核变性（Wilson病）、丝虫病所致象皮肿、坏死性筋膜炎、严重哮喘、严重心肌炎、发性硬化性胆管炎、Ⅲ度房室传导阻滞、严重自身免疫性肝炎、破裂脑动脉瘤夹闭手术、骨髓纤维化}
138,{原发性肺癌}
139,"{男性原发性特定癌症}，{乳腺癌,生其它女性原发性特定癌症}"
140,"重大疾病{包1，严重的系统性硬化症，严重的原发性心肌病，肾髓质囊性病，因输血感染艾滋病，重症肌无力，急性脊髓灰质炎，严重的类风湿性关节炎，系统性红斑狼疮，慢性复发性胰腺炎，严重的多发性硬化，终末期慢性呼吸功能衰竭，肌营养不良症，肌萎缩性（脊髓）侧索硬化症，植物人状态，克隆病},轻症疾病{非危及生命的恶性病变，不典型的急性心肌梗塞，轻微脑中风后遗症，冠状动脉介入手术（非开胸手术），心脏瓣膜介入手术（非开胸手术），视力严重受损（三周岁始理赔），主动脉内手术（非开胸手术），脑垂体瘤、脑囊肿、脑动脉瘤及脑血管瘤，较小面积III度烧伤，轻度颅脑手术}"
141,{包1，严重多发性硬化症，因职业关系导致的人类免疫缺陷病毒（HIV）感染，重症肌无力，系统性红斑狼疮并发重度的肾功能损害，慢性呼吸功能衰竭，严重1型糖尿病，川崎病，严重类风湿性关节炎，严重克隆病，严重冠心病，严重溃疡性结肠炎，持续植物人状态，脊髓灰质炎，非阿尔茨海默病所致严重痴呆，侵蚀性葡萄胎（或称恶性葡萄胎），系统性硬化病（硬皮病），颅脑手术，经输血导致的感染艾滋病病毒或者患艾滋病，严重心肌病，重症急性坏死性筋膜炎，严重传染性心内膜炎，象皮病，胰腺移植，特发性慢性肾上腺皮质功能减退}
142,{包1，严重多发性硬化症，因职业关系导致的人类免疫缺陷病毒（HIV）感染，特发性慢性肾上腺皮质功能减退，严重冠状动脉粥样硬化性心脏病，脊髓灰质炎，全身性（型）重症肌无力，严重原发性心肌病，严重克罗恩病，严重溃疡性结肠炎，植物人状态，主动脉夹层，系统性红斑狼疮—（并发）III型或以上狼疮性肾炎，非阿尔茨海默病所致严重痴呆，严重类风湿性关节炎，慢性呼吸功能衰竭终末期肺病，肾髓质囊性病，重症急性坏死性筋膜炎，进行性核上性麻痹，胰腺移植，脑皮质坏死，破裂脑动脉瘤夹闭手术，丝虫病所致象皮肿，急性坏死性胰腺炎开腹手术，感染性心内膜炎导致的心脏瓣膜病，系统性硬皮病，原发性硬化性胆管炎，经输血导致的人类免疫缺陷病毒感染，严重克-雅二氏病，脑外科手术，一肢及单眼缺失，糖尿病导致的双脚截除，骨髓纤维化，严重获得性或继发性肺泡蛋白质沉积症，肺淋巴管肌瘤病，严重肺源性心脏病}
143,{包1，原发性心肌病，严重心肌炎，Ⅲ度房室传导阻滞，破裂脑动脉瘤夹闭手术第三类，重大器官移植术或造血干细胞移植术，终末期肾病（或称慢性肾功能衰竭尿毒症期），急性或亚急性重症肝炎，慢性肝功能衰竭失代偿期，双耳失聪，双目失明，语言能力丧失，重型再生障碍性贫血，肾髓质囊性病，终末期肺病，严重克隆病，严重哮喘，严重溃疡性结肠炎，原发性硬化性胆管炎，急性坏死性胰腺炎，肝豆状核变性（或称Wilson病），特发性慢性肾上腺皮质功能减退，系统性红斑狼疮－(并发）III型或以上狼疮性肾炎，胰腺移植，系统性硬化病（硬皮病），慢性复发性胰腺炎第四类，良性脑肿瘤，脑炎后遗症或脑膜炎后遗症，深度昏迷，瘫痪，严重阿尔茨海默病，严重脑损伤，严重帕金森病，严重运动神经元病，持续植物人状态，全身性重症肌无力，严重多发性硬化，非阿尔茨海默病所致严重痴呆，嗜铬细胞瘤，疯牛病第五类，多个肢体缺失，严重Ⅲ度烧伤，坏死性筋膜炎，经输血导致的人类免疫缺陷病毒（HIV）感染，肌营养不良症，因职业关系导致的人类免疫缺陷病毒（HIV）感染，脊髓灰质炎，严重I型糖尿病，严重类风湿性关节炎，埃博拉病毒感染，丝虫病所致象皮肿，斯蒂尔病，溶血性链球菌引起的坏疽}共60种{特定疾病：非危及生命的恶性病变，不典型的急性心肌梗塞，轻微脑中风，冠状动脉介入手术，心脏瓣膜介入手术，视力严重受损，主动脉内手术，脑垂体瘤、脑囊肿、脑动脉瘤及脑血管瘤，特定面积Ⅲ度烧伤，严重头部外伤，原发性肺动脉高压，运动神经元病}
144,{包1、多发性硬化症、经输血导致的人类免疫缺陷病毒感染、植物人、严重系统性红斑狼疮性肾炎、胰岛素依赖型糖尿病（Ｉ型糖尿病）、原发性心肌病、重症肌无力、急性坏死性胰腺炎、坏死性筋膜炎、终末期肺病、严重类风湿性关节炎、非阿尔茨海默病所致严重痴呆、系统性硬化、脊髓灰质炎、严重克隆病、严重溃疡性结肠炎、因职业关系导致的人类免疫缺陷病毒感染、夹层主动脉瘤、慢性肾上腺皮质功能衰竭、埃博拉病毒感染、糖尿病并发症引致的脚部截除、肺源性心脏病、原发性硬化性胆管炎、严重感染性心内膜炎、严重心肌炎、川崎病、象皮病、克-雅二氏病、进行性核上性麻痹（PSP）、严重自身免疫性肝炎，极早期的恶性肿瘤或恶性病变、冠状动脉介入手术或严重冠心病、轻微脑中风、心脏瓣膜介入手术、脑垂体瘤、脑囊肿、脑动脉瘤及脑血管瘤、视力严重受损、主动脉内介入手术、较小面积III度烧伤、重症头部外伤、单个肢体缺失、非胰岛素依赖型糖尿病及并发症、严重哮喘、慢性肾功能损害-肾功能衰竭期}
145,{包1、多发性硬化、经输血导致的艾滋病病毒感染、系统性红斑狼疮并发重度肾功能损害、终末期肺病、硬皮病、严重的类风湿性关节炎、重症肌无力、严重溃疡性结肠炎、植物人状态、脊髓质囊性病、坏死性筋膜炎、慢性肾上腺皮质功能衰竭、严重的胰岛素依赖型糖尿病（Ｉ型糖尿病）、严重心肌炎、急性坏死性胰腺炎、严重克隆病、原发性硬化性胆管炎、象皮病、川崎病、全身型幼年类风湿性关节炎、肝豆状核变性、慢性复发性胰腺炎、急性脊髓灰质炎、疯牛病}
146,{恶性肿瘤，重大器官移植术或造血干细胞移植术，终末期肾病（或称慢性肾功能衰竭尿毒症期），急性或亚急性重症肝炎，良性脑肿瘤，慢性肝功能衰竭失代偿期，脑炎后遗症或脑膜炎后遗症，深度昏迷，双耳失聪，双目失明，心脏瓣膜手术，严重脑损伤，严重Ⅲ度烧伤，语言能力丧失，重型再生障碍性贫血，川崎病，婴儿进行性脊肌萎缩症，严重哮喘，成骨不全症，幼年型类风湿关节炎，严重肠胃炎，严重心肌炎，脊髓灰质炎，病伤或外伤所致智力障碍，经输血导致的人没免疫缺陷病毒感染}
147,第一类重大疾病{极早期包1、植物人、严重溃疡性结肠炎、严重心肌病、多样性硬化、严重急性坏死性胰腺炎、肌营养不良症、慢性呼吸功能衰竭、系统性红斑狼疮－III型或以上狼疮性肾炎}
148,{包1}
149,{包1；严重胃肠炎；严重心肌炎；输血感染艾滋病；严重幼年性类风湿关节炎（斯蒂尔病）；川崎病伴冠状动脉瘤；严重癫痫；重度哮喘；严重的Ｉ型糖尿病；丝虫病所致象皮病；严重自身免疫性肝炎；坏死性筋膜炎；重症肌无力；脊髓灰质炎；严重原发性心肌病；重症手足口病}
150,{包1；植物人；系统性红斑狼疮并发重度的肾功能损害；多发性硬化；1型糖尿病；原发性心脏病；重症肌无力；脊髓灰质炎；急性坏死性胰腺炎；肌营养不良症；终末期肺病；经输血感染艾滋病病毒；严重类风湿性关节炎；肾髓质囊性病；主动脉夹层瘤；脑动脉瘤开颅手术}
151,
152,{严重克隆病；系统性硬化病；坏死性筋膜炎；溶血性链球菌引起的坏疽；严重溃疡性结肠炎；严重心肌病；持续植物人状态；重症肌无力；系统性红斑狼疮并发重度的肾功能损害；经输血导致的感染艾滋病病毒或者患艾滋病；侵蚀性葡萄胎（或称恶性葡萄胎）；急性出血坏死性胰腺炎开腹手术；严重类风湿性关节炎；严重Ｉ型糖尿病；颅脑手术；终末期肺病；严重多发性硬化；包1}
153,
154,
155,{破裂脑动脉瘤夹闭手术；严重的骨髓增生异常综合征；侵蚀性葡萄胎；严重感染性心内膜炎；骨生长不全症；Ⅲ度房室传导阻滞；溶血性链球菌引起的坏疽；需手术切除的嗜铬细胞瘤；细菌性脑脊髓膜炎；埃博拉病毒感染；严重自身免疫性肝炎；疯牛病；肝豆状核变性；进行性核上性麻痹（Steele-Rchardson—Olszewski综合征）；慢性肾上腺皮质功能衰竭；肺源性心脏病；胰腺移植；丝虫病所致象皮肿；颅脑手术；严重原发性硬化性胆管炎；Ⅱ级重症急性胰腺炎；急性坏死性胰腺炎；系统性硬皮病；重症急性坏死性筋膜炎；严重溃疡性结肠炎；严重瑞式综合症；肺淋巴管肌瘤病；重症手足口病；严重肠道疾病并发症；严重幼年型类风湿性关节炎；严重心肌炎；严重川崎病；特定年龄的脊髓肌肉萎缩症；植物人；肾髓质囊性病；严重慢性复发性胰腺炎；经输血感染艾滋病病毒；肌营养不良症；严重心肌病；严重克隆病；脊髓灰质炎；重症肌无力；终末期肺病；严重多发性硬化；胰岛素依赖型糖尿病（Ｉ型糖尿病）；包1}
156,｛恶性肿瘤，急性心肌梗塞，脑中风后遗症，重大器官移植术或造血干细胞移植术，冠状动脉搭桥术（或称冠状动脉旁路移植术），终末期肾病（或称慢性肾功能衰竭尿毒症期），多个肢体缺失，急性或亚急性重症肝炎，良性脑肿瘤，慢性肝功能衰竭失代偿期｝
157,{包1，严重多发性硬化症，严重I型糖尿病，严重慢性呼吸功能衰竭，严重克隆病，全身性重症肌无力，严重类风湿性关节炎，严重溃疡性结肠炎，严重脊髓灰质炎，重症急性坏死性筋膜炎，系统性硬皮病，急性坏死胰腺炎开腹手术，严重原发性硬化性胆管炎，严重原发性心肌病，严重肌营养不良症，颅脑手术，系统性红斑狼疮-III型或以上狼疮性肾炎，非阿尔茨海默病所致严重痴呆，经输血导致的人类免疫缺陷病毒（HIV）感染，丝虫病所致象皮肿，胰腺移植，严重慢性复发性胰腺炎，肾髓质囊性病，肺源性心脏病，特发性慢性肾上腺皮质功能衰竭，进行性核上性麻痹(Steele-Rchardson—Olszewski综合征)，肝豆状核变性，特定年龄的严重哮喘，严重冠心病，植物人状态，疯牛病(克-雅氏病/CJD/人类疯牛病)，严重自身免疫性肝炎，特定年龄的脊髓肌肉萎缩症，因职业关系导致的人类免疫缺陷病毒感染，严重瑞氏综合症，严重川崎病，严重心肌炎，严重幼年型类风湿性关节炎，细菌性脑脊髓膜炎，需手术切除的嗜铬细胞瘤，溶血性链球菌引起的坏疽，特定年龄的严重肠道疾病并发症，Ⅲ度房室传导阻滞，重症手足口病，骨生长不全症，严重感染性心内膜炎}
158,{包1，原发性心肌病，肌营养不良症，脊髓灰质炎，严重心肌炎，持续植物人状态，严重幼年性类风湿关节炎（或称斯蒂尔病），川崎病，全身性重症肌无力，严重克隆病，肝豆状核变性（或称Wilson病），严重哮喘，重症手足口病}
159,{包1，多发性硬化症，终末期肺病，颅脑手术，脊髓灰质炎，肌营养不良症，急性出血坏死性胰腺炎，侵蚀性葡萄胎（或称恶性葡萄胎）}
160,{包1、多发性硬化症、终末期肺病、颅脑手术、脊髓灰质炎、肌营养不良症、急性出血坏死、侵蚀性葡萄胎}
161,{包1、严重多发性硬化、严重冠心病、严重类风湿性关节炎、系统性红斑狼疮、严重慢性呼吸功能衰竭、全身性重症肌无力、严重原发性心肌病、坏死性筋膜炎、慢性复发性胰腺炎、象皮病、严重克隆病、肾髓质囊性病、严重肌营养不良症、严重哮喘、严重溃疡性结、肝豆状核变性、胰腺移植、原发性硬化性胆管炎、主动脉夹层瘤、慢性肾上腺皮质功能衰竭、严重自身免疫性肝炎、严重的胰岛素、严重脊髓灰质炎、严重心肌炎、破裂脑动脉瘤夹闭手术、经输血导致的艾滋病病毒感染、嗜铬细胞瘤、非阿尔茨海默病所致严重痴呆、神经官能症、持续植物人状态、因职业关系导致的艾滋病病、埃博拉病毒感染、严重肠道疾病并发症、重症手足口病、骨生长不全症、细菌性脑脊髓膜炎、III度房室传导阻滞、肺源性心脏病、进行性核上性麻痹、严重川崎病、斯蒂尔病}
162,{包1、严重多发性硬化、严重冠心病、严重类风湿性关节炎、系统性红斑狼疮—III型或以上狼疮性肾炎、严重慢性呼吸功能衰竭、全身性重症肌无力、严重原发性心肌病、坏死性筋膜炎、慢性复发性胰腺炎、象皮病、严重克隆病、肾髓质囊性病、严重肌营养不良症、严重哮喘、严重溃疡性结肠炎、肝豆状核变性、侵蚀性葡萄胎、胰腺移植、原发性硬化性胆管炎、主动脉夹层瘤、慢性肾上腺皮质功能衰竭、严重自身免疫性肝炎、重症急性胰腺炎、严重的胰岛素依赖型糖尿病（1型糖尿病）、严重脊髓灰质炎、严重心肌炎、疯牛病破、裂脑动脉瘤夹闭手术、经输血导致的艾滋病病毒感染、嗜铬细胞瘤、溶血性链球菌引起的坏疽、非阿尔茨海默病所致严重痴呆、、持续植物人状态、因职业关系导致的人类免疫缺陷病毒感染、埃博拉病毒感染、严重肠道疾病并发症、严重瑞氏综合症、重症手足口病、骨生长不全症、细菌性脑脊髓膜炎、III度房室传导阻滞、肺源性心脏病、进行性核上性麻痹、严重川崎病、斯蒂尔病}
163,{包1，去皮质综合征（植物人状态），系统性红斑狼疮，严重肌营养不良症，严重多发性硬化，严重类风湿性关节炎，全身性重症肌无力，川崎病伴冠状动脉瘤，严重心肌炎，急性脊髓灰质炎，急性坏死性胰腺炎，经输血导致的人类免疫缺陷病毒感染，终末期肺病，严重胃肠炎，侵蚀性葡萄胎，克隆病，主动脉夹层瘤，坏死性筋膜炎，慢性肾上腺皮质功能衰竭，进行性系统性硬化，肝豆状核变，原发性硬化性胆管炎，严重溃疡性结肠炎，原发性心肌病，非阿尔茨海默病所致严重痴呆，因职业关系导致的人类免疫缺陷病毒感染，埃博拉病毒感染，象皮病，肺源性心脏病，疯牛病，肾髓质囊性病，严重冠心病，慢性复发性胰腺炎，进行性核上性麻痹，胰腺移植，严重瑞氏综合症（Reye综合征，也称赖氏综合征、雷氏综合征），严重哮喘，自身免疫性肝炎}
164,{包1，去皮质综合征（植物人状态），系统性红斑狼疮，严重肌营养不良症，严重多发性硬化，严重类风湿性关节炎，全身性重症肌无力，川崎病伴冠状动脉瘤，严重心肌炎，急性脊髓灰质炎，急性坏死性胰腺炎，经输血导致的人类免疫缺陷病毒感染，终末期肺病，严重胃肠炎，侵蚀性葡萄胎，克隆病，主动脉夹层瘤，坏死性筋膜炎，慢性肾上腺皮质功能衰竭，进行性系统性硬化，肝豆状核变，原发性硬化性胆管炎}
165,{包1、严重多发性硬化、终末期肺病、颅脑手术、严重Ｉ型糖尿病、严重类风湿性关节炎、急性出血坏死性胰腺炎开腹手术、侵蚀性葡萄胎、经输血导致的感染艾滋病病毒或者患艾滋病、系统性红斑狼疮并发重度的肾功能损害、重症肌无力、持续植物人状态、严重心肌病、严重溃疡性结肠炎、溶血性链球菌引起的坏疽、坏死性筋膜炎、系统性硬皮病、严重克隆病、进行性核上性麻痹、非阿尔茨海默病所致严重痴呆、肺泡蛋白质沉积症、严重慢性复发性胰腺炎、严重面部烧伤、因职业关系导致的感染艾滋病病毒或者患艾滋病、原发性硬化性胆管炎、肺淋巴管肌瘤病、象皮病、胰腺移植、严重川崎病、肾髓质囊性病、克雅氏病、埃博拉病毒感染、失去一肢及一眼、特发性慢性肾上腺皮质功能减退、严重传染性心内膜炎、嗜铬细胞瘤}
166,{恶性肿瘤；急性心肌梗塞；脑中风后遗症；重大器官移植术或造血干细胞移植术；冠状动脉搭桥术（或称冠状动脉旁路移植术）；终末期肾病（或称慢性肾功能衰竭尿毒症期）；多个肢体缺失；急性或亚急性重症肝炎；良性脑肿瘤；慢性肝功能衰竭、；脑炎后遗症或脑膜炎后遗症；深度昏迷；双耳失聪；双目失明；瘫痪；心脏瓣膜手术；严重阿尔茨海默病；严重脑损伤；严重帕金森病；严重Ⅲ度烧伤；严重原发性肺动脉高压；严重运动神经元病；语言能力丧失；重型再生障碍性贫血；严重肌营养不良；重症肌无力；植物人状态；严重原发性心肌病；系统性红斑狼疮-III型或以上狼疮性肾炎；严重类风湿性关节炎；急性出血坏死性胰腺炎；坏死性筋膜炎；慢性复发性胰腺炎；终末期肺病；严重脊髓灰质炎；慢性肾上腺皮质功能衰竭；慢性呼吸功能衰竭；系统性硬皮病；象皮病；严重溃疡性结肠炎；非阿尔茨海默病所致严重痴呆；原发性硬化性胆管炎；严重心肌炎；严重川畸病；严重幼年型类风湿关节炎；胰岛素依赖型糖尿病；溶血性链球菌引起的坏疽}
167,{	包1、慢性呼吸功能衰竭慢性呼吸功能衰竭、经输血导致的人类免疫缺陷病毒感染、系统性硬皮病、严重克隆病、多发性硬化、颅脑手术、重症肌无力、严重心肌病、象皮病、严重类风湿性关节炎、严重冠心病、急性出血坏死性胰腺炎、溶血性链球菌引起的坏疽、坏死性筋膜炎、非阿尔茨海默病所致严重痴呆、脊髓灰质炎、慢性肾上腺皮质功能衰竭、严重的胰岛素依赖型糖尿病、严重肌营养不良症、严重性溃疡性结肠炎、严重哮喘、原发性硬化性胆管炎、植物人、主动脉夹层血肿、慢性复发性胰腺炎、胰腺移植、因职业关系导致的HIV感染、疯牛病、破裂脑动脉瘤夹闭手术、侵蚀性葡萄胎、Ⅲ度房室传导阻滞、严重传染性心内膜炎、严重心肌炎、埃博拉病毒感染}
168,{包1、慢性肝功能衰竭失代偿期、严重阿尔茨海默病、严重脑损伤、严重帕金森病、慢性复发性胰腺炎、多发性硬化(MS)、肌营养不良、脊髓灰质炎、进行性球麻痹、进行性肌萎缩、系统性红斑狼疮（SLE）、溶血性链球菌坏疽、严重类风湿性关节炎、去皮质综合症、严重原发性心肌病、严重重症肌无力、严重克隆病、经输血导致的人类免疫缺陷病毒感染、慢性呼吸功能衰竭、Ｉ型糖尿病（或称胰岛素依赖型糖尿病）、严重川崎病（或称皮肤粘膜淋巴结综合征）、严重幼年性类风湿关节炎（或称斯蒂尔病）、严重心肌炎、严重哮喘、重症手足口病、骨生长不全症、婴儿进行性脊肌萎缩症}
169,{包1严重多发性硬化系统性红斑狼疮严重慢性呼吸功能衰竭全身性重症肌无力严重原发性心肌病坏死性筋膜炎系统性硬皮病慢性复发性胰腺炎象皮病严重克隆病肾髓质囊性病严重肌营养不良症严重哮喘严重溃疡性结肠炎肝豆状核变性胰腺移植慢性肾上腺皮质功能衰竭重症急性胰腺炎-不包括酒精作用所致严重的胰岛素依赖型糖尿病（1型糖尿病）严重脊髓灰质炎严重心肌炎嗜铬细胞瘤溶血性链球菌引起的坏疽严重肠道疾病严重瑞氏综合症重症手足口病骨生长不全症细菌性脑脊髓膜炎严重川崎病斯蒂尔病}
170,{恶性肿瘤}，{轻度恶性肿瘤}
171,{恶性肿瘤}
172,{癌症}
173,{癌症}
174,{癌症}
175,{癌症}
176,癌症{癌症（恶性肿瘤）}，高费用癌症{恶性脑肿瘤，恶性骨软骨肿瘤，白血病}
177,{癌症}
178,{癌症}，{癌症轻症：原位癌，相当于Binet分期方案A期程度的慢性淋巴细胞白血病，相当于AnnArbor分期方案I期程度的何杰金氏病，皮肤癌，TNM分期为T1N0M0期或更轻分期的前列腺癌}，{癌症手术}，{放化疗}，{肝脏移植术或造血干细胞移植术}
179,{恶性肿瘤}
180,{恶性肿瘤}
181,{恶性肿瘤}
182,{恶性肿瘤}
183,{癌症；原位癌；肝脏移植或造血干细胞移植}
184,{癌症}
185,{特定原发性恶性肿瘤：原发性肝癌、原发性胃癌、原发性结肠癌、原发性胰腺癌、原发性乳腺癌、原发性卵巢癌、原发性子宫内膜癌}，{特定良性肿瘤：肝血管瘤、肝细胞腺瘤、胆囊息肉、肾腺瘤}
186,{癌症}
187,{癌症}
188,{癌症}
189,基本癌症{气管癌、支气管及肺癌、胃癌、肝癌}，可选癌症A款保险金的责任范围包括七种{脑及中枢神经系统癌症、睾丸癌、输精管癌、子宫体癌、宫颈癌、乳腺癌、白血病}，可选癌症B款保险金的责任范围包括十六种{脑及中枢神经系统癌症、睾丸癌、输精管癌、子宫体癌、宫颈癌、乳腺癌、白血病、结直肠肛门癌、食管癌、胰腺癌、膀胱癌、淋巴瘤(霍奇金病/非霍奇金淋巴瘤)、甲状腺癌、卵巢癌、前列腺癌、胆囊癌}，{可选癌症C款保险金的责任范围包括：除基本癌症保险金责任范围以外的其他癌症}
190,{恶性肿瘤}，女性特定癌症{乳腺癌；阴道癌；子宫颈癌；子宫体癌；卵巢癌}，{原位癌}
191,{包1}
192,{包1严重多发性硬化终末期肺病颅脑手术严重I型糖尿病严重类风湿性关节炎急性出血坏死性胰腺炎开腹手术侵蚀性葡萄胎经输血导致的感染艾滋病病毒或患艾滋病系统性红斑狼疮并发重度肾功能损害重症肌无力持续植物人状态严重心肌病严重溃疡性结肠炎溶血性链球菌引起的坏疽坏死性筋膜炎系统性硬皮病严重克隆病进行性核上性麻痹非阿兹海默病导致的严重痴呆肺泡蛋白质沉积症严重慢性复发性胰腺炎严重面部烧伤因职业关系导致的感染艾滋病病毒或患艾滋病原发性硬化性胆管炎肺淋巴管肌瘤病象皮病胰腺移植严重川崎病肾髓质囊肿病克雅氏病埃博拉病毒感染失去一肢及一眼特发性慢性肾上腺皮质功能减退严重传染性心内膜炎嗜铬细胞瘤}
193,{包1；慢性呼吸功能衰竭终末期肺病肌营养不良症严重心肌病系统性红斑狼疮－（并发）III型或以上狼疮性肾炎}
194,{包1，严重多发性硬化，终末期肺病，颅脑手术，严重I型糖尿病，严重类风湿性关节炎，急性出血坏死性胰腺炎开腹手术，侵蚀性葡萄胎（或称恶性葡萄胎），经输血导致的感染艾滋病病毒或者患艾滋病，系统性红斑狼疮并发重度的肾功能损害，重症肌无力，持续植物人状态，严重心肌病，严重溃疡性结肠炎，溶血性链球菌引起的坏疽，坏死性筋膜炎，系统性硬皮病，严重克隆病，白血病定义}
195,{包1颅脑手术严重I型糖尿病疾病或外伤所致智力障碍严重冠心病严重类风湿性关节炎严重原发性心肌病坏死性筋膜炎经输血导致的人类免疫缺陷病毒感染严重克隆病严重溃疡性结肠炎埃博拉病毒感染主动脉夹层瘤严重感染性心内膜炎严重心肌炎严重肠道疾病并发症严重自身免疫性肝炎全身性重症肌无力肺淋巴管肌瘤病严重慢性复发性胰腺炎严重弥漫性系统性硬皮病严重脊髓灰质炎克-雅氏病（CJD、人类疯牛病肝豆状核变严重的Ⅰ型糖尿病严重原发性硬化性胆管炎胰腺移植象皮病斯蒂尔病破裂脑动脉瘤夹闭手术因职业关系导致的人类免疫缺陷病毒（HIV）感染非阿尔茨海默病所致严重痴呆肺源性心脏病嗜铬细胞瘤侵蚀性葡萄胎（或称恶性葡萄胎）溶血性链球菌引起的坏疽肾髓质囊肿病严重哮喘肌营养不良症特发性慢性肾上腺皮质功能衰竭进行性核上性麻痹小肠移植失去一肢及一眼急性坏死性胰腺炎开腹}
196,{极早期的包1，多发性硬化症，胰岛素依赖型糖尿病（1型糖尿病），肺源性心脏病，脊髓灰质炎，终末期肺病，植物人状态，慢性呼吸功能衰竭，严重心肌病，重症肌无力，因职业关系导致的人类免疫缺陷病毒（HIV）感染，经输血导致的人类免疫缺陷病毒（HIV）感，严重类风湿性关节炎，疾病末期，严重克隆病，溶血性链球引起的坏疽，系统性硬皮病，严重溃疡性结肠炎，肝豆状核变性，侵蚀性葡萄胎-须化疗或手术治疗，坏死性筋膜炎，象皮病，严重瑞氏综合症（Reye综合征，也称赖氏综合征、雷氏综合征），进行性核上性麻痹}
197,{恶性肿瘤}
198,{癌症}
199,{癌症}
200,{癌症}
201,{癌症}
202,{癌症}，特定癌症男性{原发性肺癌、原发性肝癌和原发性前列腺癌}，特定癌症女性{原发性乳腺癌、原发性肺癌、原发性宫颈癌和原发性子宫癌}
203,{癌症}
204,{癌症}
205,{癌症}
206,{少儿白血病}
207,{癌症}
208,{癌症}
209,{癌症}
210,"{恶性肿瘤},高费用恶性肿瘤{原发性肺癌；原发性胃癌；恶性脑肿瘤；原发性骨癌；白血病}"
211,{恶性肿瘤}
212,{恶性肿瘤}
213,{恶性肿瘤}
214,男性特定癌症{肝癌、原发性结直肠癌、原发性咽癌、原发性食道癌、原发性肺癌和原发性胃癌}，女性特定癌症{原发性乳腺癌、原发性宫颈癌、原发性卵巢癌、原发性甲状腺癌、原发性肺癌和原发性胃癌}
215,{原位癌；恶性肿瘤}
216,{恶性肿瘤}
217,{乳腺癌}
218,"{癌症},特定癌症男性{肺癌；肝癌；前列腺癌}，特定癌症女性{肺癌；乳腺癌；子宫癌和子宫颈癌}，{原位癌}"
219,"轻症癌症{原位癌；相当于Binet分期方案A期程度的慢性淋巴细胞白血病；相当于AnnArbor分期方案I期程度的何杰金氏病；皮肤癌（不包括恶性黑色素瘤及已发生转移的皮肤癌）；TNM分期为T1N0M0期或更轻分期的前列腺癌},男性特定癌症{原发于男性肺部、肝部和前列腺的恶性肿瘤},女性特定癌症{原发于女性肺部、乳腺、子宫颈和卵巢的恶性肿瘤，但不包括发生于子宫体的恶性肿瘤}"
220,{恶性肿瘤}
221,恶性肿瘤;特定恶性肿瘤（原发性肺癌；原发性肝癌；原发性胃癌；原发性直肠癌}
222,"{恶性肿瘤},特定恶性肿瘤{男性肺部、肝脏和前列腺的恶性肿瘤；女性肺部、乳腺和子宫颈的恶性肿瘤，但不包括发生于子宫体的恶性肿瘤}"
223,{恶性肿瘤}
224,{癌症}
225,"{恶性肿瘤},特定恶性肿瘤{骨恶性肿瘤；脑恶性肿瘤}"
226,{恶性肿瘤}
227,{癌症}
228,{癌症；原位癌}
229,{癌症}，特定癌症男{：肺癌，肝癌，前列腺癌}，特定癌症女{肺癌，乳腺癌，子宫癌和子宫颈癌}，{原位癌}
230,{原位癌；相当于Binet分期方案A期程度的慢性淋巴细胞白血病；相当于AnnArbor分期方案I期程度的何杰金氏病；皮肤癌（不包括恶性黑色素瘤及已发生转移的皮肤癌）；TNM分期为T1N0M0期或更轻分期的前列腺癌，癌症}
231,{恶性肿瘤}
232,"{恶性肿瘤},{特定恶性肿瘤}"
233,{恶性肿瘤；原位癌}
234,{癌症，轻度癌症}
235,{原位癌；相当于Binet分期方案A期程度的慢性淋巴细胞白血病；相当于AnnArbor分期方案I期程度的何杰金氏病；皮肤癌（不包括恶性黑色素瘤及已发生转移的皮肤癌）；TNM分期为T1N0M0期或更轻分期的前列腺癌（如为女性被保险人，则不包括此项）；癌症}
236,{恶性肿瘤；肺癌；乳腺癌}
237,{恶性肿瘤}
238,{恶性肿瘤；原位癌}
239,{恶性肿瘤；原位癌}
240,{恶性肿瘤}
241,男{肺癌、肝癌、胃癌}女{胃癌、乳腺癌、宫颈癌}
242,{恶性肿瘤}，特定恶性肿瘤{骨恶性肿瘤；脑恶性肿瘤}，{白血病}
243,{不详}
244,{原位癌；恶性肿瘤}
245,"少儿特定疾病{白血病；自体骨髓移植；良性脑肿瘤；胰岛素依赖型糖尿病（I型糖尿病）；重型再生障碍性贫血；心脏瓣膜手术；严重哮喘；全身型幼年类风湿性关节炎（斯蒂尔氏病）；川崎病},{自闭症}"
246,{子宫原位癌；子宫颈原位癌；乳腺原位癌；卵巢原位癌；输卵管原位癌；阴道原位癌；女性特定器官癌症；乳腺癌}
247,"{癌症},特定癌症{乳腺癌；肺癌；肝癌；胃癌宫颈癌；白血病；卵巢癌；前列腺癌},{原位癌}"
248,{恶性肿瘤}
249,{恶性肿瘤；双目失明；双耳失聪；严重Ⅲ度烧伤；脑炎后遗症或脑膜炎后遗症；重型再生障碍性贫血；1型糖尿病；严重幼年性类风湿关节炎；川崎病；白血病}
250,
251,{肝癌；失代偿性肝硬化}
252,{急性心肌梗塞；脑中风后遗症；终末期肾病（或称慢性肾功能衰竭尿毒症期）；截肢；视力丧失}
253,{无}
254,女性妊娠特定疾病{弥漫性血管内凝血、羊水栓塞、子痫症、恶性葡萄胎、胎死腹中、胎盘早期脱离、宫外孕}，先天性疾病{脊柱裂或颅裂、先天性两肢体缺失、脑瘫、染色体疾病、发乐氏四联症、先天性房间隔缺损修补手术、先天性室间隔缺损修补手术、完全性大动脉错位、先天性食管闭锁或食管气管瘘、先天性髋关节脱位、永久性脑脊液分流术、高位肛门闭锁矫正术、唇裂及腭裂修补术、先天性尿道下裂矫正术、先天性动脉导管未闭修补术}
255,{脊髓灰质炎；严重运动神经元病；终末期肾病（或称慢性肾功能衰竭尿毒症期）；多个肢体确实；良性脑肿瘤；包1}
256,{乳腺癌；女性特定妇科癌症；系统性红斑狼疮肾炎；女性原位癌；意外面部整形}
257,{H5亚型或H7亚型禽流感病毒感染患人禽流行性感冒}
258,{女性特定器官原发癌症；严重狼疮性肾炎}
259,{妊娠疾病；先天性畸形}
260,{妊娠疾病；先天性畸形}
261,{妊娠疾病；先天性畸形}
262,{妊娠疾病；先天性畸形}
263,{妊娠疾病；先天性畸形}
264,{妊娠疾病；先天性畸形}
265,{妊娠疾病；先天性畸形}
266,{妊娠疾病；先天性畸形}
267,{	包1、植物人、I型糖尿病或胰岛素依赖型糖尿病、严重溃疡性结肠炎、严重心肌病、多样性硬化、严重急性坏死性胰腺炎、肌营养不良症、慢性呼吸功能衰竭、系统性红斑狼疮－III型或以上狼疮性肾炎}
268,{包1、植物人、I型糖尿病或胰岛素依赖型糖尿病、严重溃疡性结肠炎、严重心肌病、多样性硬化、严重急性坏死性胰腺炎、肌营养不良症、慢性呼吸功能衰竭、系统性红斑狼疮－III型或以上狼疮性肾炎}
269,{无}
270,{唐氏综合症、神经管畸形、先天性心脏病、畸形}
271,{无}
272,{女性特定疾病包括首次原发于女性的乳房和卵巢的恶性肿瘤；男性特定疾病包括首次原发于男性的肺和胰脏的恶性肿瘤}
273,{糖尿病及其并发症；非危及生命的（极早期的）恶性病变；冠状动脉介入手术（非开胸手术）；轻微脑中风；心脏瓣膜介入手术（非开胸手术）；良性脑肿瘤}
274,{乳腺癌；子宫颈癌；子宫内膜癌；卵巢癌；原发性外阴癌；原发性阴道癌；系统性红斑狼疮；髋部骨折；骨质疏松症；子宫全切除术；子宫颈癌手术治疗；女性外阴癌手术治疗；阴道癌手术治疗；子宫肌瘤手术治疗；输卵管或卵巢全切除术；卵巢及输卵管良性肿瘤手术治疗；单或双侧乳癌根治术；子宫脱垂手术治疗；子宫破裂手术治疗}
275,{感染艾滋病病毒、乙型肝炎病毒、丙型肝炎病毒或梅毒螺旋体或确诊患因上述病原体导致的相应疾病}
276,{恶性肿瘤、脑中风后遗症、急性心肌梗塞、非危及生命的（极早期的）恶性病变、轻微脑中风、不典型的急性心肌梗塞}
277,{女性乳腺癌}
278,{原发性妇科癌}
279,{白血病；恶性淋巴病；多发性骨髓瘤；重型再生障碍性贫血}
280,女性特定疾病{于原发性的乳腺癌、子宫癌、子宫颈癌、卵巢癌、输卵管癌、阴道癌}
281,呼吸道特定疾病{首次原发于鼻咽部、喉部（含声带）、肺部的恶性肿瘤}
282,脑部特定疾病{脑部恶性肿瘤；脑中风后遗症；严重脑损伤；严重帕金森病；良性脑肿瘤}
283,女性特定危重疾病{乳腺癌、子宫癌、子宫颈癌，卵巢癌}
284,{乳腺癌}
285,{高致病性禽流感}
286,特定疾病{急性白血病；I型糖尿病}
287,{妊娠疾病（弥漫性血管内凝血，侵蚀性葡萄胎，胎盘早期脱离，子痫症，羊水栓塞）；流产；先天性畸形（脊柱裂或颅裂；先天性脑积水；先天性室间隔缺损；法乐氏四联症；完全性大动脉转位；先天性食管闭锁或食管气管瘘；唇腭裂；先天性肛门闭锁）}
288,女性疾病{原发性乳腺癌、原发性卵巢癌、原发性输卵管癌、原发性子宫体癌、原发性子宫颈癌及原发性阴道癌}
289,{妊娠并发症（子痫症；胎盘早期剥离；羊水栓塞；弥漫性血管内凝血，侵蚀性葡萄胎）；先天性疾病（先天性肛门直肠闭锁；先天性食管闭锁或先天性食管气管瘘；先天性脑积水；法乐氏四联症；完全性大动脉转位；先天性房间隔缺损；先天性室间隔缺损；脊柱裂或颅裂；腭裂修复术或唇腭裂修复术）}
290,特定疾病{食管癌、胃癌、结肠癌、直肠癌、支气管癌和肺癌、乳房癌、前列腺癌}
291,特定疾病{食管癌、胃癌、结肠癌、直肠癌、支气管癌和肺癌、阴茎癌、前列腺癌及睾丸癌}
292,特定恶性肿瘤{乳腺癌、外阴癌、阴道癌、子宫颈癌、子宫体癌、输卵管癌和卵巢癌);{系统性红斑狼疮;意外伤害面部整形}
293,{原发性妇科癌；系统性红斑狼疮；女性原位癌；意外面部整形术；子宫全切手术；全乳房切除手术}
294,{不详}
295,{恶性肿瘤；双目失明；脑炎后遗症或脑膜炎后遗症；重型再生障碍性贫血；脊髓灰质炎；严重川崎病；1型糖尿病；严重幼年性类风湿关节炎；疾病或外伤所致智力障碍（残疾）；严重哮喘}
296,{恶性肿瘤；原位癌；临床分期为I期或更轻分期的乳头状甲状腺癌及滤泡状甲状腺癌}
297,{急性心肌梗塞；脑中风后遗症；终末期肾病（或称慢性肾功能衰竭尿毒症期）；截肢；视力丧失}
298,{白血病}
299,{白血病；肺癌；乳腺癌}
300,{脑中风后遗症；终末期肾病（或称慢性肾功能衰竭尿毒症期）；截肢；双目失明}
301,轻症疾病{极早期的包1}
302,{重度双向情感障碍；乳腺癌；原发于女性子宫、宫颈、卵巢、输卵管、阴道和外阴的恶性肿瘤；系统性红斑狼疮累及肾脏（严重的狼疮性肾炎）}
303,{包1、慢性复发性胰腺炎、终末期肺病、严重脊髓灰质炎、植物人状态、慢性肾上腺皮质功能衰竭、慢性呼吸功能衰竭、系统性硬皮病、象皮病、严重溃疡性结肠炎、系统性红斑狼疮－Ⅲ型或以上狼疮性肾炎、严重克隆病、原发性硬化性胆管炎、非阿尔茨海默病所致严重痴呆、严重心肌炎、严重川崎病、严重幼年型类风湿关节炎、胰岛素依赖型糖尿病、溶血性链球菌引起的坏疽、严重原发性心肌病、严重肌营养不良症、严重多发性硬化症、严重类风湿性关节炎、坏死性筋膜炎、急性出血坏死性胰腺炎、重症肌无力}
304,{乳腺癌}
305,{白血病}
306,特定一类疾病{心肌梗塞，冠状动脉绕道手术，慢性肾衰竭(尿毒症)，瘫痪，重大器官移植手术}，特定二类疾病{脑中风，癌症}
307,{恶性肿瘤}
308,{原位癌；全子宫切除手术；双侧卵巢切除手术；全乳房切除手术；因意外伤害毁容而施行的面部整形手术；骨质疏松所致股骨颈骨折或椎骨骨折；狼疮性肾炎III型--VI型；女性器官癌症；弥漫性血管内凝血（DIC）；异位妊娠（宫外孕）；重症先兆子痫和子痫；恶性葡萄胎；胎儿死亡或新生儿死亡；脊柱裂伴脑脊膜膨出，脊柱裂伴脊髓脑脊膜膨出；法乐四联症；唐氏综合征；先天性食管闭锁；婴儿脑积水；先天性两肢体缺如；腭裂并唇裂；肛门闭锁；动脉导管未闭；房间隔缺损(ASD)或室间隔缺损(VSD)；完全性大血管错位}
309,{包1多发性硬化终末期肺病颅脑手术脊髓灰质炎严重肌营养不良症急性出血坏死性胰腺炎侵蚀性葡萄胎}
310,{包1多发性硬化终末期肺病颅脑手术脊髓灰质炎严重肌营养不良症急性出血坏死性胰腺炎侵蚀性葡萄胎}
311,少儿重大疾病{包1、严重克隆病、多发性硬化、重症肌无力、严重心肌病、急性出血坏死性胰腺炎、经输血导致的艾滋病病毒感染、植物人状态、终末期肺病、肌营养不良症、急性脊髓灰质炎、系统性红斑狼疮（严重的狼疮性肾炎）、肾髓质囊性病、进行性系统性硬化（硬皮病）、慢性复发性胰腺炎、严重的类风湿性关节炎、冠状动脉粥样斑块切除术、冠状动脉激光治疗}
312,重大疾病（少儿）{包1多发性硬化胰岛素依赖型糖尿病（1型糖尿病）慢性呼吸功能衰竭植物人状态严重心肌病重症肌无力因职业关系导致的人类免疫缺陷病毒（HIV）感染经输血导致的人类免疫缺陷病毒（HIV）感染严重类风湿性关节炎系统性红斑狼疮－III型或以上狼疮性肾炎严重克隆病严重溃疡性结肠炎非阿尔茨海默病所致严重痴呆}{男性特定疾病：原发于男性肺部、肝部和前列腺的恶性肿瘤}{女性特定疾病：原发于女性肺部、乳腺和子宫颈的恶性肿瘤}，轻症疾病（少儿）{极早期的恶性肿瘤或恶性病变，轻微脑中风，视力严重受损，较小面积III度烧伤，脑垂体瘤、脑囊肿、脑动脉瘤及脑血管瘤，重度头部外伤，单个肢体缺失，川崎病合并冠状动脉扩张，严重脑炎或脑膜炎，脊髓灰质炎}轻症疾病（成人）{极早期的恶性肿瘤或恶性病变，不典型的急性心肌梗塞，冠状动脉介入手术，轻微脑中风，心脏瓣膜介入手术，视力严重受损，较小面积III度烧伤，主动脉内手术，脑垂体瘤、脑囊肿、脑动脉瘤及脑血管瘤，重度头部外伤}
313,重大疾病{包1急性出血性坏死性胰腺炎原发性心肌病持续植物人状态全身性重症肌无力坏死性筋膜炎终末期肺病经输血导致的人类免疫缺陷病毒（HIV）感染肌营养不良症严重多发性硬化严重克隆病}{特定疾病：非危及生命的恶性病变不典型的急性心肌梗塞轻微脑中风冠状动脉介入手术心脏瓣膜介入手术视力严重受损主动脉内手术脑垂体瘤、脑囊肿、脑动脉瘤及脑血管瘤}
314,{包1急性出血性坏死性胰腺炎原发性心肌病持续植物人状态全身性重症肌无力坏死性筋膜炎终末期肺病经输血导致的人类免疫缺陷病毒（HIV）感染肌营养不良症严重多发性硬化严重克隆病}
315,{包1严重脊髓灰质炎严重多发性硬化症严重冠心病严重心肌病严重克罗恩病（克隆病）严重溃疡性结肠炎严重类风湿性关节炎慢性呼吸功能衰竭全身性重症肌无力非阿尔茨海默病所致严重痴呆经输血导致的艾滋病病毒感染因职业关系导致的艾滋病病毒感染系统性红斑狼疮合并狼疮性肾炎}
316,{恶性肿瘤；急性心肌梗塞；脑中风后遗症；重大器官移植术或造血干细胞移植术；冠状动脉搭桥术（或称冠状动脉旁路移植术）；终末期肾病（或称慢性肾功能衰竭尿毒症期）}
317,{包1；严重多发性硬化症；经输血导致的人类免疫缺陷病毒感染；终末期肺病；严重类风湿性关节炎；严重系统性红斑狼疮性肾病}
318,{包1；植物人状态；急性脊髓灰质炎；多发性硬化症；原发性心肌病；严重的类风湿性关节炎}
319,{包1，经输血导致的人类免疫缺陷病毒感染，川崎病，严重幼年型类风湿性关节炎，1型糖尿病，脊髓灰质炎，疾病或外伤所致智力障碍}
320,{恶性肿瘤；慢性肾功能衰竭（尿毒症期）；川崎氏病（伴有冠状动脉瘤）；进行性脊肌萎缩症；病毒性脑炎；化脓性脑膜炎；暴发性肝炎；Ⅰ型糖尿病；再生障碍性贫血；颅内良性肿瘤；重大器官移植；重症脑损伤；严重烧伤；双目失明；肢体缺失}
321,{恶性肿瘤、急性心肌梗塞、脑中风后遗症、重大器官移植术或造血干细胞移植术、(冠状动脉搭桥术（或称冠状动脉旁路移植术）、终末期肾病（或称慢性肾功能衰竭尿毒症期瘫痪、严重Ⅲ度烧伤、(九)永久性完全失（丧失日常独立生活能力）}
322,{重大疾病及严重多发性硬化；因职业关系导致的HIV感染；特发性慢性肾上腺皮质功能减退；严重冠状动脉粥样硬化性心脏病；脊髓灰质炎；全身性（型）重症肌无力；严重心肌病；严重克罗恩病（Crohn’s病）；严重溃疡性结肠炎；植物人状态；严重1型糖尿病；系统性红斑狼疮－（并发）III型或以上狼疮性肾炎；非阿尔茨海默病所致严重痴呆；严重类风湿性关节炎；严重哮喘–二十五岁前理赔；肾髓质囊性病；重症急性坏死性筋膜炎；慢性呼吸功能衰竭终末期肺病；胰腺移植；埃博拉病毒感染}
323,{包1；脊髓灰质炎(小儿麻痹症)；严重多发性硬化；严重冠心病；严重类风湿性关节炎；系统性红斑狼疮}
324,{包1、植物人状态、原发性硬化性胆管炎、埃博拉病毒感染、严重的心肌炎、重症肌无力、系统性硬皮病、象皮病、慢性肾上腺皮质功能衰竭、严重溃疡性结肠炎、疯牛病、急性坏死性胰腺炎-不包括酒精作用所致、慢性呼吸功能衰竭}
325,{包1，经输血导致的人类免疫缺陷病毒感染，川崎病，严重幼年型类风湿性关节炎，1型糖尿病，脊髓灰质炎，疾病或外伤所致智力障碍}
326,{包1、脊髓灰质炎(小儿麻痹症)、严重多发性硬化、严重冠心病、严重类风湿性关节炎、系统性红斑狼疮}
327,重大疾病{包1经输血导致的人类免疫缺陷病毒感染严重川崎病严重幼年型类风湿关节炎1型糖尿病（胰岛素依赖型糖尿病）脊髓灰质炎}，少儿重大疾病{白血病；脑炎后遗症或脑膜炎后遗症；严重川崎病}
328,{包1严重多发性硬化症严重冠状动脉粥样硬化性心脏病脊髓灰质炎全身性（型）重症肌无力重症急性坏死性筋膜炎}
329,轻症疾病{极早期包1因职业关系导致的人类免疫缺陷病毒（HIV）感染重症急性胰腺炎肌营养不良症系统性红斑狼疮－III型或以上狼疮性肾炎慢性呼吸功能衰竭1型糖尿病严重类风湿性关节炎严重克隆病经输血导致的艾滋病病毒感染严重冠心病严重原发性心肌病非阿尔茨海默病所致严重痴呆植物人状态重症肌无力溃疡性结肠炎肾髓质囊性病全身性硬皮病肺源性心脏病慢性肾上腺功能不全主动脉夹层感染性心内膜炎嗜铬细胞瘤严重克-雅二氏病胰腺移植肝豆状核变性（Wilson病）丝虫病所致象皮肿坏死性筋膜炎严重哮喘严重心肌炎原发性硬化性胆管炎Ⅲ度房室传导阻滞严重自身免疫性肝炎破裂脑动脉瘤夹闭手术骨髓纤维化严重川崎病严重癫痫脊髓灰质炎严重幼年型类风湿性关节炎严重胃肠炎}
330,轻症{极早期包1系统性红斑狼疮－III型或以上狼疮性肾炎1型糖尿病经输血导致的艾滋病病毒感染严重原发性心肌病植物人状态重症肌无力肾髓质囊性病全身性硬皮病慢性肾上腺功能不全肝豆状核变性（Wilson病）严重哮喘慢性复发性胰腺炎严重川崎病严重癫痫脊髓灰质炎严重幼年型类风湿性关节炎严重胃肠炎}
331,{包1严重心肌病严重重症肌无力严重多发性硬化症严重脊髓灰质炎严重类风湿性关节炎严重系统性红斑狼疮性肾病终末期肺病严重克隆病严重溃疡性结肠炎持续植物人状态严重胰岛素依赖型糖尿病严重冠心病急性坏死性胰腺炎开腹手术经输血导致的人类免疫缺陷病毒感染非阿尔茨海默病所致严重痴呆严重弥漫性系统性硬皮病重症急性坏死性筋膜炎埃博拉出血热严重感染性心内膜炎严重肌营养不良症胰腺移植严重肾髓质囊性病肝豆状核变性(Wilson病)严重自身免疫性肝炎原发性硬化性胆管炎}
332,重大疾病{包1严重原发性心肌病严重多发性硬化症严重冠心病慢性呼吸功能衰竭终末期肺病植物人状态 系统性红斑狼疮性肾炎严重类风湿性关节炎坏死性筋膜炎重症肌无力经输血导致的人类免疫缺陷病毒感染（HIV）肌营养不良严重脊髓灰质炎严重克隆病严重溃疡性结肠炎Ｉ型糖尿病急性坏死性胰腺炎开腹手术}{特定疾病：极早期恶性肿瘤或恶性病变不典型的急性心肌梗塞冠状动脉介入手术特定脑中风后遗症心脏瓣膜介入手术视力严重受损脑垂体瘤、脑囊肿和脑血管较小面积Ⅲ度烧伤重度头部外伤}
333,少儿重大疾病{恶性肿瘤；重大器官移植术或造血干细胞移植术；冠状动脉搭桥术（或称冠状动脉旁路移植术）；终末期肾病（或称慢性肾功能衰竭尿毒症期）；多个肢体缺失急性或亚急性重症肝炎；良性脑肿瘤；深度昏迷；双耳失聪；双目失明；瘫痪；心脏瓣膜手术；严重脑损伤；严重Ⅲ度烧伤；语言能力丧失；重型再生障碍性贫血；严重幼年型类风湿关节炎脑炎后遗症或脑膜炎后遗症严重脊髓灰质炎重症肌无力因输血感染艾滋病病毒}
334,{恶性肿瘤；非危及生命的恶性肿瘤，原位癌；相当于Binet分期方案A期程度的慢性淋巴细胞白血病；相当于AnnArbor分期方案Ⅰ期程度的何杰金氏病；皮肤癌（不包括恶性黑色素瘤及已发生转移的皮肤癌）；TNM分期为T1N0M0期或更轻分期的前列腺癌）}
335,{癌症}，轻症癌症{原位癌；相当于Binet分期方案A期程度的慢性淋巴细胞白血病；相当于AnnArbor分期方案I期程度的何杰金氏病；皮肤癌（不包括恶性黑色素瘤及已发生转移的皮肤癌；TNM分期为T1N0M0期或更轻分期的前列腺癌}
336,{恶性肿瘤}
337,{恶性肿瘤；原位癌}
338,{恶性肿瘤；原位癌}
339,{恶性肿瘤}，特定疾病{原位癌；相当于Binet分期方案A期程度的慢性淋巴细胞白血病；皮肤癌（不包括恶性黑色素瘤及已发生转移的皮肤癌）}
340,{癌症}，癌症轻症{原位癌；相当于Binet分期方案A期程度的慢性淋巴细胞白血病；相当于AnnArbor分期方案I期程度的何杰金氏病；皮肤癌（不包括恶性黑色素瘤及已发生转移的皮肤癌）；TNM分期为T1N0M0期或更轻分期的前列腺癌）}
341,{癌症}
342,{癌症；轻症癌症}
343,{恶性肿瘤；特定疾病（极早期恶性肿瘤或者恶性病变）}
344,{白血病}
345,{恶性肿瘤；原位癌}
346,{轻症癌症：原位癌；相当于Binet分期方案A期程度的慢性淋巴细胞白血病；相当于AnnArbor分期方案I期程度的何杰金氏病；皮肤癌（不包括恶性黑色素瘤及已发生转移的皮肤癌）；TNM分期为T1N0M0期或更轻分期的前列腺癌，乳头型及滤泡型甲状腺癌}{恶性肿瘤}
347,{轻度恶性肿瘤，恶性肿瘤}
348,第一类重大疾病{极早期包1，植物人，I型糖尿病或胰岛素依赖型糖尿病，严重溃疡性结肠炎，严重心肌病，多样性硬化，严重急性坏死性胰腺炎，肌营养不良症，慢性呼吸功能衰竭，系统性红斑狼疮－III型或以上狼疮性肾炎}
349,{包1，植物人，I型糖尿病或胰岛素依赖型糖尿病，严重溃疡性结肠炎，严重心肌病，多样性硬化，严重急性坏死性胰腺炎，肌营养不良症，慢性呼吸功能衰竭，系统性红斑狼疮－III型或以上狼疮性肾炎}
350,{包1，植物人，I型糖尿病或胰岛素依赖型糖尿病，严重溃疡性结肠炎，严重心肌病，多样性硬化，严重急性坏死性胰腺炎，肌营养不良症，慢性呼吸功能衰竭，系统性红斑狼疮－III型或以上狼疮性肾炎}
351,第一类重大疾病{极早期包1，植物人，I型糖尿病或胰岛素依赖型糖尿病，严重溃疡性结肠炎，严重心肌病，多样性硬化，严重急性坏死性胰腺炎，肌营养不良症，慢性呼吸功能衰竭，系统性红斑狼疮－III型或以上狼疮性肾炎）}
352,{包1、植物人、I型糖尿病或胰岛素依赖型糖尿病、严重溃疡性结肠炎、严重心肌病、多样性硬化、严重急性坏死性胰腺炎、肌营养不良症、慢性呼吸功能衰竭、系统性红斑狼疮－III型或以上狼疮性肾炎}
353,{包1、植物人、I型糖尿病或胰岛素依赖型糖尿病、严重溃疡性结肠炎、严重心肌病、多样性硬化、严重急性坏死性胰腺炎、肌营养不良症、慢性呼吸功能衰竭、系统性红斑狼疮－III型或以上狼疮性肾炎}
354,{因接受计划生育手术导致的：脏器损伤，出血与血肿，感染，人流不全，人流失败继续妊娠，羊水栓塞，气体栓塞，节育器异位，节育器断裂或变形，盆腔淤血血症，宫颈管或宫腔粘连，肠粘连，大网膜综合症，痛性结节，附睾淤积症；节育手术后腹部发生切口疝，慢性炎性包块，腹壁瘘管；剖宫取胎术后引起腹壁子宫内膜异位，人流加绝育术后引起的以输卵管残端为中心的盆腔子宫内膜异位症，输卵管结扎术后发生宫外孕}
355,第一类重疾{极早期包1，植物人，I型糖尿病或胰岛素依赖型糖尿病，严重溃疡性结肠炎，严重心肌病，多样性硬化，严重急性坏死性胰腺炎，肌营养不良症，慢性呼吸功能衰竭，系统性红斑狼疮－III型或以上狼疮性肾炎}
356,{唐氏综合症、神经管畸形、先天性心脏病、畸形}
357,{恶性肿瘤；脑中风后遗症；急性心肌梗塞}
358,{孕产妇特定孕产期疾病；新生儿特定先天性疾病}
359,{重度妊娠高血压综合症（先兆子痫及子痫）、宫外孕、良性葡萄胎、恶性葡萄胎、绒毛膜癌}
360,{不详}
361,{唐氏综合征}
362,{不详}
363,癌症{恶性肿瘤}，特定轻度癌症{原位癌、皮肤癌}
364,{不详}
365,特定疾病{恶性肿瘤、重大器官移植术或造血干细胞移植术、终末期肾病、急性或亚急性重症肝炎、良性脑肿瘤、脑炎后遗症或脑膜炎后遗症、特定年龄双耳失聪、特定年龄双目失明、严重脑损伤、严重Ⅲ度烧伤、语言能力丧失、重型再生障碍性贫血、严重川崎病、严重脊髓灰质炎、严重幼年型类风湿性关节炎、经输血导致的人类免疫缺陷病毒感染、Ⅰ型糖尿病、严重哮喘、严重胃肠炎、特定年龄疾病或外伤所致智力障碍}
366,{妊娠疾病；流产；早产}
367,{不详}
368,特定疾病{恶性肿瘤、重大器官移植术或造血干细胞移植术、终末期肾病、急性或亚急性重症肝炎、良性脑肿瘤、脑炎后遗症或脑膜炎后遗症、特定年龄双耳失聪、特定年龄双目失明、严重脑损伤、严重Ⅲ度烧伤、语言能力丧失、重型再生障碍性贫血、严重川崎病、严重脊髓灰质炎、严重幼年型类风湿性关节炎、经输血导致的人类免疫缺陷病毒感染、Ⅰ型糖尿病、严重哮喘、严重胃肠炎、特定年龄疾病或外伤所致智力障碍}